atm,volatility,volume
AZ0001,2,1
AZ0003,2,1
AZ0004,3,1
AZ0007,2,1
AZ0008,1,3
AZ0009,1,1
AZ0011,1,2
AZ0013,2,2
AZ0014,2,1
AZ0017,1,2
AZ0019,1,3
AZ0021,1,3
AZ0024,1,3
AZ0031,1,3
AZ0036,1,3
AZ0038,1,2
AZ0040,1,2
AZ0044,2,3
AZ0046,1,3
AZ0047,1,2
AZ0048,1,3
AZ0053,1,1
AZ0056,1,1
AZ0057,1,3
AZ0058,2,2
AZ0059,1,2
AZ0061,2,2
AZ0062,2,2
AZ0063,1,1
AZ0064,2,3
AZ0065,1,2
AZ0070,1,2
AZ0073,1,2
AZ0076,1,3
AZ0077,1,2
AZ0081,1,3
AZ0085,3,1
AZ0086,3,1
AZ0087,1,1
AZ0089,1,2
AZ0094,2,1
AZ0099,1,2
AZ0100,3,1
AZ0105,3,1
AZ0106,2,1
AZ0107,2,2
AZ0108,2,2
AZ0109,2,1
AZ0110,3,1
AZ0111,3,1
AZ0113,1,3
AZ0114,2,1
AZ0115,3,1
AZ0117,1,3
AZ0120,1,3
AZ0121,1,1
AZ0122,2,2
AZ0123,2,3
AZ0124,1,2
AZ0125,3,1
AZ0128,1,2
AZ0130,1,3
AZ0132,1,3
AZ0133,3,1
AZ0136,1,2
AZ0137,1,1
AZ0139,2,1
AZ0140,2,1
AZ0141,3,1
AZ0142,1,2
AZ0146,1,3
AZ0147,1,3
AZ0148,1,3
AZ0150,1,3
AZ0152,1,3
AZ0154,1,2
AZ0156,2,3
AZ0158,1,1
AZ0159,3,1
AZ0160,1,3
AZ0162,1,3
AZ0163,3,1
AZ0164,1,3
AZ0168,3,1
AZ0169,2,1
AZ0170,3,1
AZ0171,3,2
AZ0172,2,2
AZ0173,3,1
AZ0174,3,1
AZ0175,1,3
AZ0176,1,1
AZ0177,1,2
AZ0178,2,2
AZ0179,1,2
AZ0181,1,3
AZ0183,2,1
AZ0186,3,1
AZ0187,1,1
AZ0188,1,2
AZ0189,1,2
AZ0190,1,2
AZ0191,3,1
AZ0192,3,1
AZ0193,3,1
AZ0194,3,1
AZ0195,3,1
AZ0196,3,1
AZ0197,1,2
AZ0198,1,1
AZ0201,1,2
AZ0205,2,1
AZ0206,1,1
AZ0208,1,3
AZ0209,2,2
AZ0210,1,2
AZ0211,1,2
AZ0214,2,1
AZ0215,2,1
AZ0216,1,1
AZ0217,2,1
AZ0226,1,2
AZ0227,1,1
AZ0228,3,1
AZ0244,3,1
AZ0250,3,1
AZ0301,1,1
AZ0303,1,3
AZ0307,2,1
AZ0308,2,1
AZ0310,2,1
AZ0311,2,1
AZ0312,2,1
AZ0313,2,1
AZ0316,2,1
AZ0317,1,1
AZ0321,3,1
AZ0322,2,1
AZ0323,2,1
AZ0324,2,2
AZ0342,1,3
AZ0374,1,2
AZ0376,1,2
AZ0377,2,1
AZ0389,1,2
AZ0392,1,2
AZ0404,1,3
AZ0416,3,3
AZ0420,3,1
AZ0442,1,1
AZ0445,2,2
AZ0455,1,3
AZ0482,1,2
AZ0485,1,1
AZ0487,2,1
AZ0488,3,1
AZ0489,1,2
AZ0500,2,1
AZ0502,3,1
AZ0528,1,3
AZ0550,1,3
AZ0562,2,1
AZ0567,3,1
AZ0591,1,3
AZ0633,2,3
AZ0649,1,2
AZ0669,1,2
AZ0680,1,3
AZ0692,2,1
AZ0701,2,1
AZ0702,2,1
AZ0703,2,1
AZ0704,1,1
AZ0706,2,1
AZ0707,2,1
AZ0708,2,1
AZ0709,2,1
AZ0710,1,1
AZ0712,1,1
AZ0713,2,2
AZ0714,2,1
AZ0716,2,1
AZ0717,3,1
AZ0718,2,1
AZ0719,2,1
AZ0721,2,1
AZ0722,1,1
AZ0723,2,1
AZ0724,2,1
AZ0726,2,1
AZ0727,2,1
AZ0728,2,1
AZ0729,2,1
AZ0731,2,1
AZ0732,2,1
AZ0733,3,1
AZ0735,2,1
AZ0736,1,2
AZ0738,2,1
AZ0739,3,1
AZ0740,2,1
AZ0741,1,1
AZ0743,2,1
AZ0744,2,1
AZ0746,1,1
AZ0748,1,2
AZ0749,2,1
AZ0753,2,2
AZ0754,2,1
AZ0755,2,1
AZ0800,1,2
AZ0801,2,3
AZ0802,1,3
AZ0803,1,3
AZ0804,1,3
AZ0806,1,2
AZ0807,1,3
AZ0808,1,2
AZ0809,1,3
AZ0810,1,3
AZ0812,2,3
AZ0813,1,3
AZ0814,2,2
AZ0815,1,3
AZ0816,1,3
AZ0818,1,3
AZ0820,1,3
AZ0821,1,2
AZ0822,1,3
AZ0826,1,3
AZ0835,1,3
AZ0839,1,2
AZ0841,1,3
AZ0843,1,3
AZ0845,1,3
AZ0848,1,3
AZ0849,1,3
AZ0850,1,3
AZ0852,1,3
AZ0855,1,3
AZ0857,1,3
AZ0858,1,3
AZ0860,1,3
AZ0861,1,2
AZ0862,1,3
AZ0863,1,3
AZ0865,1,3
AZ0866,1,3
AZ0871,1,3
AZ0872,1,2
AZ0875,1,3
AZ0877,2,2
AZ0878,1,2
AZ0879,1,3
AZ0885,1,2
AZ0886,2,2
AZ0889,1,2
AZ0891,1,2
AZ0893,1,3
AZ0894,1,3
AZ0895,1,3
AZ0900,3,2
AZ0905,2,3
AZ0906,2,3
AZ0907,2,3
AZ0908,1,3
AZ0910,1,2
AZ0911,1,2
AZ0913,1,2
AZ0915,1,3
AZ0916,1,2
AZ0917,2,3
AZ0919,1,2
AZ0921,1,2
AZ0923,1,2
AZ0924,1,2
AZ0925,2,2
AZ0926,1,2
AZ0931,1,2
AZ0932,1,3
AZ0934,1,3
AZ0935,1,3
AZ0936,1,2
AZ0937,1,3
AZ0949,2,1
AZ0950,1,2
AZ0951,1,2
AZ0952,2,1
AZ1022,2,3
AZ1065,3,1
AZ1076,3,1
AZ1174,1,1
AZ1197,3,1
AZ1200,3,1
AZ1272,2,2
AZ1338,1,3
AZ1356,1,2
AZ1364,3,1
AZ1365,3,1
AZ1387,1,2
AZ1388,1,3
AZ1389,1,2
AZ1391,1,3
AZ1392,1,2
AZ1393,1,3
AZ1394,1,3
AZ1395,1,3
AZ1396,2,3
AZ1397,1,3
AZ1398,3,1
AZ1399,3,1
AZ1400,3,1
AZ1443,3,1
AZ1444,3,1
AZ1445,3,1
AZ1446,3,1
AZ1447,3,1
AZ1649,1,3
AZ1650,1,2
AZ1849,1,2
AZ1888,1,3
AZ1900,2,1
AZ1912,3,1
AZ1950,2,1
AZ1969,2,1
AZ2011,1,2
AZ2012,2,1
AZ2014,2,2
AZ2015,1,3
AZ2016,1,3
AZ2021,3,1
AZ2022,3,1
AZ2025,1,2
AZ2026,2,1
AZ2028,1,3
AZ2030,1,3
AZ2057,1,3
AZ2060,1,3
AZ2079,2,1
AZ2100,3,2
AZ2101,1,2
AZ2102,1,1
AZ2103,2,1
AZ2104,1,2
AZ2219,1,2
AZ2232,3,1
AZ2248,2,1
AZ2372,3,1
AZ2398,1,1
AZ2429,2,1
AZ2449,3,1
AZ2451,2,1
AZ2555,3,1
AZ2599,3,1
AZ2611,1,2
AZ2744,2,1
AZ2746,2,1
AZ2748,2,1
AZ2749,2,2
AZ2750,2,1
AZ2752,1,2
AZ2757,2,3
AZ2759,2,3
AZ2760,2,2
AZ2762,1,3
AZ2763,2,2
AZ2765,2,2
AZ2766,3,2
AZ2771,2,1
AZ2778,2,1
AZ2780,1,2
AZ2782,1,1
AZ2785,3,2
AZ2786,1,1
AZ2787,1,1
AZ2789,2,2
AZ2790,2,1
AZ2794,2,1
AZ2795,3,2
AZ2800,2,2
AZ2801,1,2
AZ2803,1,2
AZ2804,1,1
AZ2805,2,2
AZ2806,3,1
AZ2851,1,1
AZ2863,3,1
AZ2910,3,1
AZ3003,2,1
AZ3007,3,1
AZ3008,2,1
AZ3048,3,1
AZ3049,2,1
AZ3087,2,1
AZ3097,3,1
AZ3107,1,1
AZ3108,1,1
AZ3116,1,2
AZ3120,2,1
AZ3132,3,1
AZ3163,2,1
AZ3177,2,1
AZ3184,3,1
AZ3191,3,1
AZ3196,1,3
AZ3197,1,3
AZ3215,2,1
AZ3245,3,1
AZ3249,3,1
AZ3373,3,1
AZ3377,3,1
AZ3385,2,1
AZ3387,1,1
AZ3410,3,1
AZ3427,2,1
AZ3428,2,1
AZ3429,2,1
AZ3435,2,1
AZ3444,2,1
AZ3445,2,2
AZ3447,3,1
AZ3460,3,1
AZ3463,3,1
AZ3464,2,1
AZ3477,2,1
AZ3529,3,1
AZ3531,2,1
AZ3537,1,1
AZ3543,2,1
AZ3559,3,1
AZ3591,2,1
AZ3593,2,1
AZ3602,3,1
AZ3630,2,1
AZ3657,2,1
AZ3669,3,1
AZ3670,2,1
AZ3683,2,1
AZ3714,1,1
AZ3715,2,1
AZ3717,2,2
AZ3721,1,3
AZ3723,1,3
AZ3725,3,1
AZ3726,2,1
AZ3727,1,1
AZ3728,3,1
AZ3748,1,3
AZ3750,1,2
AZ3757,1,3
AZ3766,3,1
AZ3767,3,1
AZ3768,3,1
AZ3769,1,2
AZ3789,2,2
AZ3799,1,3
AZ3806,1,3
AZ3809,1,3
AZ3818,1,1
AZ3819,1,2
AZ3837,1,2
AZ3856,2,1
AZ3912,3,1
AZ3913,3,1
AZ3944,2,1
AZ3956,1,2
AZ3959,1,3
AZ3966,1,3
AZ4018,2,1
AZ4019,1,1
AZ4020,2,1
AZ4023,1,3
AZ4026,1,2
AZ4028,1,2
AZ4030,1,3
AZ4045,2,1
AZ4046,2,1
AZ4065,2,1
AZ4102,3,1
AZ4103,3,1
AZ4104,2,1
AZ4139,3,1
AZ4141,1,2
AZ4171,1,3
AZ4181,1,3
AZ4182,1,3
AZ4188,2,1
AZ4228,2,1
AZ4266,2,1
AZ4344,1,1
AZ4376,3,1
AZ4422,2,1
AZ4434,3,1
AZ4435,2,1
AZ4487,1,3
AZ4506,2,1
AZ4507,3,1
AZ4508,2,1
AZ4543,3,1
AZ4620,2,1
AZ4722,2,1
AZ4742,3,1
AZ4762,2,1
AZ4764,2,1
AZ4791,2,1
AZ4792,1,2
AZ4793,2,1
AZ4909,2,1
AZ4919,1,3
AZ4920,1,2
AZ4921,1,2
AZ4922,1,3
AZ4951,1,1
AZ4972,1,1
AZ5027,2,1
AZ5039,2,1
AZ5090,3,1
AZ5156,3,1
AZ5208,2,1
AZ5209,2,1
AZ5215,2,1
AZ5221,2,1
AZ5222,2,1
AZ5266,1,1
AZ5312,3,1
AZ5353,3,1
AZ5437,1,3
AZ5439,1,2
AZ5441,1,2
AZ5443,1,3
AZ5445,1,2
AZ5447,1,3
AZ5449,1,3
AZ5453,3,1
AZ5504,3,2
AZ5505,3,2
AZ5532,3,1
AZ5567,3,1
AZ5568,3,1
AZ5569,3,1
AZ5668,1,1
AZ5750,3,1
AZ5775,2,1
AZ5776,1,2
AZ5799,3,1
AZ5851,2,1
AZ5887,2,1
AZ5888,3,1
AZ5889,2,1
AZ5890,3,1
AZ5892,2,1
AZ5893,2,1
AZ5937,1,3
AZ5938,2,1
AZ6021,1,2
AZ6025,2,1
AZ6060,3,1
AZ6062,3,1
AZ6063,2,1
AZ6065,2,1
AZ6095,1,1
AZ6128,3,1
AZ6129,2,1
AZ6177,2,2
AZ6241,3,1
AZ6244,2,1
AZ6245,2,1
AZ6333,2,1
AZ6400,2,1
AZ6411,3,1
AZ6428,2,1
AZ6440,3,1
AZ6491,2,1
AZ6527,3,1
AZ6533,3,1
AZ6534,3,1
AZ6535,2,1
AZ6571,3,1
AZ6599,3,1
AZ6666,3,1
AZ6692,3,1
AZ6729,3,1
AZ6736,2,1
AZ6766,2,2
AZ6784,3,1
AZ6806,3,1
AZ6872,1,1
AZ6880,2,1
AZ6933,3,1
AZ6953,2,1
AZ7018,3,1
AZ7026,1,2
AZ7041,2,1
AZ7104,3,1
AZ7106,1,3
AZ7110,3,1
AZ7203,3,1
AZ7209,2,1
AZ7232,2,1
AZ7304,2,1
AZ7375,2,2
AZ7387,1,2
AZ7463,2,3
AZ7516,3,1
AZ7558,3,1
AZ7582,3,1
AZ7623,2,1
AZ7663,2,1
AZ7723,2,1
AZ7747,3,1
AZ7784,3,1
AZ7933,2,1
AZ8074,1,3
AZ8192,1,3
AZ8323,2,2
AZ8348,1,1
AZ8447,1,3
AZ8754,3,1
AZ9014,2,1
AZ9080,3,2
AZ9081,1,2
AZ9083,2,1
AZ9085,3,2
AZ9097,1,2
AZ9114,2,1
AZ9117,1,2
AZ9119,1,2
AZ9134,2,1
AZ9141,2,2
AZ9142,1,3
AZ9144,3,1
AZ9202,2,1
AZ9261,2,1
AZ9264,3,1
AZ9279,1,3
AZ9402,3,2
AZ9572,1,3
AZ9636,1,2
CA0001,3,1
CA0011,2,1
CA0018,2,3
CA0019,1,3
CA0021,1,3
CA0032,1,2
CA0033,1,3
CA0040,3,3
CA0041,3,2
CA0052,2,3
CA0063,1,2
CA0071,3,2
CA0076,1,3
CA0084,1,3
CA0097,1,3
CA0098,1,3
CA0099,1,3
CA0127,1,3
CA0132,3,2
CA0133,2,3
CA0170,1,3
CA0177,1,3
CA0186,1,2
CA0190,1,3
CA0203,2,3
CA0220,2,3
CA0221,3,2
CA0226,3,2
CA0227,2,2
CA0228,1,2
CA0229,2,1
CA0231,1,2
CA0233,3,1
CA0234,3,1
CA0238,1,3
CA0240,2,1
CA0241,1,2
CA0242,1,2
CA0243,2,1
CA0244,2,2
CA0245,3,1
CA0252,2,2
CA0253,1,3
CA0254,2,1
CA0255,1,3
CA0256,1,2
CA0257,1,1
CA0258,1,1
CA0259,3,3
CA0260,3,1
CA0261,2,1
CA0263,1,2
CA0264,1,2
CA0265,1,3
CA0266,1,2
CA0267,3,1
CA0269,1,3
CA0271,1,3
CA0272,2,3
CA0279,1,3
CA0288,1,3
CA0289,2,3
CA0290,1,2
CA0291,1,3
CA0294,1,2
CA0297,1,2
CA0304,1,3
CA0310,1,1
CA0313,1,1
CA0314,1,2
CA0315,1,3
CA0316,1,2
CA0318,1,2
CA0320,1,2
CA0327,2,1
CA0330,2,3
CA0333,1,1
CA0334,1,3
CA0335,1,2
CA0338,1,2
CA0339,1,2
CA0342,1,2
CA0344,1,2
CA0345,2,2
CA0346,1,2
CA0347,1,3
CA0348,2,2
CA0349,1,2
CA0353,3,1
CA0357,1,2
CA0361,1,3
CA0365,1,2
CA0368,1,2
CA0370,1,2
CA0372,2,2
CA0373,1,2
CA0375,3,1
CA0376,2,1
CA0379,2,2
CA0380,3,2
CA0381,1,1
CA0391,2,1
CA0397,2,1
CA0398,2,1
CA0402,2,1
CA0404,3,2
CA0412,1,1
CA0421,1,2
CA0422,1,3
CA0424,3,2
CA0426,3,1
CA0427,3,1
CA0429,3,1
CA0430,2,3
CA0433,1,2
CA0434,2,1
CA0435,2,1
CA0436,1,2
CA0437,1,2
CA0438,2,1
CA0439,1,1
CA0441,1,1
CA0442,1,1
CA0443,1,1
CA0447,1,2
CA0453,1,3
CA0454,2,1
CA0455,2,1
CA0456,1,2
CA0457,2,1
CA0464,1,2
CA0466,1,3
CA0471,1,2
CA0473,2,2
CA0476,2,1
CA0484,2,3
CA0485,1,3
CA0486,3,1
CA0487,1,3
CA0488,3,2
CA0489,2,2
CA0490,1,1
CA0492,2,3
CA0493,1,2
CA0494,1,2
CA0495,1,1
CA0496,3,3
CA0497,2,2
CA0498,1,1
CA0500,1,2
CA0501,1,2
CA0502,1,3
CA0503,1,2
CA0504,2,1
CA0505,1,1
CA0506,2,1
CA0507,3,1
CA0508,3,1
CA0509,1,2
CA0510,1,2
CA0511,1,2
CA0512,2,1
CA0513,2,1
CA0514,1,1
CA0515,2,1
CA0516,1,1
CA0517,2,1
CA0518,1,2
CA0522,2,1
CA0523,3,2
CA0524,2,1
CA0525,1,3
CA0526,3,1
CA0527,3,1
CA0529,3,1
CA0530,3,2
CA0531,3,2
CA0532,3,2
CA0533,2,2
CA0534,1,1
CA0536,3,2
CA0537,2,1
CA0538,3,1
CA0539,3,1
CA0540,3,1
CA0541,2,1
CA0542,2,3
CA0543,3,2
CA0544,2,1
CA0545,1,2
CA0546,2,3
CA0549,1,3
CA0551,1,3
CA0552,1,2
CA0555,2,2
CA0559,1,1
CA0560,2,2
CA0561,3,1
CA0562,2,1
CA0563,1,1
CA0564,2,1
CA0565,1,2
CA0566,1,1
CA0568,1,2
CA0570,3,1
CA0578,2,2
CA0579,1,2
CA0580,1,2
CA0586,1,2
CA0592,1,2
CA0594,1,2
CA0596,1,1
CA0597,2,2
CA0598,1,2
CA0599,3,2
CA0600,2,1
CA0615,1,1
CA0631,3,2
CA0635,2,1
CA0636,3,1
CA0640,1,3
CA0642,1,3
CA0645,2,3
CA0651,2,1
CA0652,2,1
CA0653,1,1
CA0654,2,1
CA0656,2,1
CA0659,1,3
CA0671,2,1
CA0672,2,1
CA0674,1,3
CA0675,1,3
CA0691,2,1
CA0692,1,2
CA0693,1,2
CA0694,1,2
CA0695,2,2
CA0696,2,1
CA0697,1,1
CA0698,1,1
CA0699,1,1
CA0702,1,2
CA0705,1,1
CA0706,1,2
CA0707,1,3
CA0710,1,3
CA0711,2,2
CA0712,2,1
CA0713,1,2
CA0714,1,2
CA0715,2,1
CA0716,1,3
CA0717,2,1
CA0718,1,1
CA0722,1,2
CA0723,2,1
CA0724,1,3
CA0725,2,1
CA0726,2,1
CA0727,2,1
CA0728,1,1
CA0730,1,3
CA0731,2,1
CA0732,1,2
CA0734,1,2
CA0735,1,2
CA0736,1,2
CA0738,1,1
CA0739,1,1
CA0740,2,2
CA0744,1,2
CA0746,3,1
CA0747,3,1
CA0748,2,3
CA0753,2,1
CA0754,2,3
CA0756,1,3
CA0758,3,1
CA0759,1,1
CA0760,2,2
CA0762,2,2
CA0770,1,2
CA0777,1,1
CA0778,1,2
CA0779,1,1
CA0780,2,1
CA0782,3,2
CA0784,1,1
CA0790,2,2
CA0791,2,2
CA0792,3,1
CA0796,1,2
CA0797,2,2
CA0798,1,2
CA0799,1,1
CA0800,1,2
CA0804,1,1
CA0807,1,3
CA0818,2,1
CA0821,2,3
CA0822,2,1
CA0827,2,2
CA0828,1,3
CA0830,1,3
CA0844,2,2
CA0845,1,1
CA0847,2,1
CA0849,2,3
CA0850,1,3
CA0852,1,1
CA0853,3,1
CA0854,1,1
CA0855,3,1
CA0860,2,1
CA0863,1,2
CA0867,3,1
CA0868,2,2
CA0872,1,2
CA0881,3,1
CA0882,1,3
CA0883,2,1
CA0885,1,2
CA0886,3,1
CA0887,1,3
CA0890,3,1
CA0891,3,1
CA0892,1,1
CA0893,1,1
CA0894,2,1
CA0895,3,1
CA0896,1,1
CA0897,1,1
CA0901,2,3
CA0912,3,1
CA0916,1,3
CA0920,1,3
CA0923,3,3
CA0924,1,3
CA0948,1,2
CA0950,1,3
CA0952,1,3
CA0954,1,1
CA0955,1,2
CA0956,3,1
CA0959,3,1
CA0960,1,3
CA0961,1,2
CA0967,1,3
CA0968,1,3
CA0973,1,3
CA0975,1,2
CA0979,2,2
CA0980,2,1
CA0981,1,2
CA0982,1,2
CA0983,1,2
CA0984,1,2
CA0991,1,3
CA0998,1,2
CA0999,1,2
CA1011,2,1
CA1014,1,3
CA1031,1,3
CA1036,3,1
CA1037,2,1
CA1038,2,1
CA1039,2,1
CA1040,1,2
CA1041,1,1
CA1042,1,3
CA1044,3,1
CA1045,3,1
CA1052,1,2
CA1053,1,2
CA1054,1,2
CA1055,1,1
CA1060,1,2
CA1065,2,1
CA1066,2,1
CA1067,1,2
CA1068,3,1
CA1069,2,1
CA1070,1,3
CA1071,2,3
CA1072,1,3
CA1075,1,2
CA1077,3,1
CA1078,1,2
CA1084,1,3
CA1086,1,1
CA1087,1,2
CA1088,1,1
CA1090,1,2
CA1091,2,2
CA1092,1,1
CA1093,2,1
CA1094,1,2
CA1095,1,1
CA1096,3,1
CA1097,1,1
CA1098,1,1
CA1099,1,2
CA1106,1,3
CA1111,2,2
CA1115,2,1
CA1121,3,1
CA1122,1,1
CA1123,1,2
CA1124,1,2
CA1125,1,2
CA1131,1,2
CA1132,2,1
CA1133,3,1
CA1136,2,1
CA1137,2,1
CA1140,3,1
CA1150,1,1
CA1154,1,1
CA1155,2,2
CA1156,1,2
CA1164,1,1
CA1167,1,1
CA1168,2,1
CA1169,1,1
CA1171,1,1
CA1174,1,2
CA1176,2,1
CA1178,3,1
CA1181,2,1
CA1184,3,1
CA1185,2,1
CA1186,1,1
CA1189,2,1
CA1190,3,1
CA1195,1,1
CA1196,3,2
CA1197,2,1
CA1198,1,1
CA1199,2,2
CA1200,1,2
CA1202,2,1
CA1206,3,1
CA1207,1,2
CA1208,2,1
CA1209,1,2
CA1216,1,1
CA1217,2,3
CA1218,1,1
CA1220,2,1
CA1221,1,1
CA1223,1,1
CA1230,1,2
CA1231,1,2
CA1234,2,1
CA1235,3,1
CA1238,1,3
CA1240,1,2
CA1243,1,1
CA1244,1,1
CA1258,2,1
CA1260,1,2
CA1261,2,2
CA1263,2,1
CA1264,2,2
CA1270,3,1
CA1274,2,1
CA1277,3,2
CA1278,3,1
CA1279,1,1
CA1280,1,1
CA1284,2,1
CA1287,2,2
CA1288,1,3
CA1289,1,3
CA1292,2,1
CA1293,3,1
CA1294,2,1
CA1300,2,3
CA1308,3,1
CA1309,3,1
CA1317,3,1
CA1318,1,1
CA1319,3,1
CA1325,2,2
CA1326,3,1
CA1327,1,2
CA1328,1,2
CA1331,2,3
CA1335,2,1
CA1336,3,1
CA1337,2,2
CA1340,1,1
CA1341,1,1
CA1342,2,1
CA1343,3,1
CA1344,3,1
CA1347,2,1
CA1348,2,1
CA1349,1,2
CA1351,2,2
CA1352,2,2
CA1353,1,2
CA1354,3,1
CA1356,1,2
CA1357,3,1
CA1358,1,2
CA1362,2,1
CA1363,3,1
CA1364,2,2
CA1365,1,1
CA1366,2,1
CA1367,2,2
CA1368,3,1
CA1369,2,1
CA1370,3,1
CA1371,2,1
CA1372,1,2
CA1384,3,1
CA1385,2,2
CA1390,2,1
CA1391,1,2
CA1392,2,1
CA1393,3,1
CA1394,1,3
CA1395,2,2
CA1396,1,3
CA1397,1,3
CA1398,2,1
CA1399,2,1
CA1401,3,1
CA1402,1,2
CA1404,1,3
CA1405,1,3
CA1406,1,2
CA1408,1,2
CA1411,1,2
CA1412,1,2
CA1414,1,2
CA1415,1,2
CA1416,2,1
CA1417,1,1
CA1418,1,2
CA1419,1,1
CA1420,1,1
CA1421,2,1
CA1422,1,3
CA1423,1,2
CA1424,2,1
CA1425,2,1
CA1426,1,2
CA1427,3,1
CA1428,2,1
CA1430,2,2
CA1433,1,3
CA1437,2,2
CA1438,3,1
CA1442,2,2
CA1443,1,3
CA1444,1,2
CA1445,1,2
CA1449,3,1
CA1450,1,2
CA1451,1,1
CA1454,1,2
CA1455,3,1
CA1456,1,2
CA1457,1,2
CA1458,1,2
CA1459,1,2
CA1462,1,2
CA1465,2,1
CA1466,1,2
CA1467,1,3
CA1468,2,2
CA1469,3,1
CA1470,3,1
CA1471,3,1
CA1472,1,1
CA1473,1,2
CA1475,1,2
CA1479,2,1
CA1480,1,3
CA1486,1,2
CA1487,1,3
CA1488,2,1
CA1490,1,2
CA1492,3,1
CA1493,2,3
CA1494,2,3
CA1496,2,1
CA1500,2,1
CA1527,1,2
CA1528,1,3
CA1529,1,3
CA1530,1,3
CA1532,1,1
CA1533,1,2
CA1534,2,1
CA1540,1,2
CA1541,1,2
CA1567,1,3
CA1568,3,1
CA1569,1,3
CA1577,2,1
CA1578,2,2
CA1582,1,2
CA1585,2,1
CA1590,3,1
CA1591,3,1
CA1592,1,3
CA1593,2,3
CA1596,2,1
CA1600,3,1
CA1603,1,2
CA1606,2,2
CA1607,1,1
CA1611,1,1
CA1626,1,1
CA1627,1,1
CA1628,1,2
CA1630,3,1
CA1633,1,2
CA1662,2,1
CA1663,1,1
CA1664,2,1
CA1669,1,3
CA1670,1,1
CA1680,2,1
CA1681,1,1
CA1682,1,1
CA1685,3,1
CA1693,3,1
CA1694,1,2
CA1697,2,2
CA1698,1,3
CA1701,3,3
CA1704,1,1
CA1706,1,2
CA1707,2,1
CA1719,3,1
CA1720,3,1
CA1721,1,2
CA1725,2,2
CA1726,1,3
CA1760,2,1
CA1761,2,1
CA1765,1,2
CA1767,1,2
CA1768,2,1
CA1775,1,1
CA1776,3,1
CA1786,1,2
CA1791,3,1
CA1818,1,2
CA1837,1,2
CA1863,3,1
CA1876,1,2
CA1877,2,1
CA1878,1,1
CA1880,2,1
CA1882,2,1
CA1892,1,2
CA1893,2,1
CA1897,1,3
CA1908,1,3
CA1910,1,2
CA1911,1,3
CA1916,1,2
CA1917,1,3
CA1921,3,1
CA1922,2,1
CA1923,2,1
CA1925,3,1
CA1927,2,1
CA1928,1,3
CA1930,1,1
CA1935,3,1
CA1942,2,1
CA1943,3,1
CA1946,1,1
CA1949,1,2
CA1955,1,1
CA1958,1,2
CA1976,1,2
CA2013,2,1
CA2014,1,1
CA2015,3,1
CA2016,2,2
CA2017,2,1
CA2018,2,1
CA2019,2,1
CA2020,1,2
CA2021,2,1
CA2022,1,2
CA2023,1,2
CA2024,2,1
CA2025,1,2
CA2026,2,2
CA2027,2,1
CA2028,3,1
CA2029,3,1
CA2030,1,2
CA2031,1,3
CA2032,2,1
CA2033,1,2
CA2034,1,1
CA2035,2,2
CA2036,1,1
CA2037,1,1
CA2038,2,3
CA2039,2,1
CA2040,3,1
CA2041,3,1
CA2042,1,2
CA2043,2,2
CA2044,2,2
CA2045,3,1
CA2046,1,1
CA2047,1,2
CA2048,1,2
CA2050,2,1
CA2051,2,1
CA2052,1,1
CA2053,2,1
CA2054,3,2
CA2055,2,2
CA2056,2,1
CA2057,2,1
CA2058,1,1
CA2059,2,1
CA2060,2,1
CA2061,2,1
CA2062,1,1
CA2063,2,1
CA2064,2,1
CA2065,1,2
CA2066,2,1
CA2068,2,1
CA2069,3,2
CA2070,3,1
CA2071,2,2
CA2072,1,1
CA2074,1,2
CA2075,2,1
CA2076,2,2
CA2077,2,2
CA2078,1,1
CA2079,2,1
CA2080,1,1
CA2081,1,1
CA2082,2,1
CA2083,2,1
CA2084,1,1
CA2085,2,1
CA2086,1,1
CA2087,2,1
CA2088,3,1
CA2089,2,2
CA2091,3,2
CA2092,1,1
CA2093,2,1
CA2094,1,2
CA2095,2,1
CA2096,1,2
CA2097,2,1
CA2098,2,2
CA2099,1,1
CA2100,2,1
CA2101,2,1
CA2102,1,2
CA2103,1,2
CA2104,1,1
CA2105,2,1
CA2106,2,2
CA2107,1,2
CA2108,1,3
CA2109,1,1
CA2110,2,1
CA2111,3,1
CA2112,1,1
CA2113,1,2
CA2114,1,2
CA2115,2,1
CA2117,1,2
CA2119,2,3
CA2120,1,2
CA2121,2,1
CA2122,1,1
CA2124,2,1
CA2125,2,1
CA2126,2,1
CA2128,1,2
CA2129,1,3
CA2130,1,2
CA2131,1,1
CA2133,1,2
CA2134,2,1
CA2135,3,1
CA2136,1,1
CA2137,1,1
CA2138,1,3
CA2139,1,2
CA2141,1,2
CA2143,1,1
CA2144,1,2
CA2145,2,2
CA2146,2,1
CA2147,2,2
CA2149,2,1
CA2150,2,1
CA2151,1,3
CA2152,3,1
CA2153,2,2
CA2154,3,1
CA2155,2,1
CA2156,2,2
CA2158,1,1
CA2159,1,2
CA2160,1,2
CA2161,3,1
CA2163,1,2
CA2164,2,2
CA2165,2,1
CA2166,1,2
CA2167,2,1
CA2168,3,2
CA2169,1,1
CA2170,2,1
CA2171,1,1
CA2172,2,1
CA2173,1,1
CA2174,2,1
CA2175,1,1
CA2176,1,1
CA2177,1,1
CA2178,1,2
CA2179,1,2
CA2180,1,1
CA2181,2,1
CA2182,1,1
CA2183,2,1
CA2184,2,3
CA2185,1,1
CA2186,2,1
CA2187,2,1
CA2188,1,3
CA2189,2,2
CA2190,1,1
CA2191,2,1
CA2192,3,1
CA2193,3,1
CA2194,1,1
CA2195,2,1
CA2196,1,3
CA2197,3,1
CA2198,2,2
CA2199,3,1
CA2200,2,1
CA2201,1,1
CA2202,1,2
CA2203,2,1
CA2204,1,1
CA2205,3,1
CA2206,1,2
CA2208,2,1
CA2209,3,2
CA2210,2,2
CA2212,1,2
CA2213,1,2
CA2214,2,1
CA2215,3,1
CA2216,1,2
CA2217,3,1
CA2218,3,2
CA2219,1,3
CA2220,3,1
CA2221,1,2
CA2222,1,2
CA2223,1,2
CA2224,2,2
CA2225,1,3
CA2226,3,2
CA2227,3,1
CA2228,1,1
CA2229,2,1
CA2230,2,1
CA2231,2,1
CA2232,2,1
CA2233,2,1
CA2234,3,2
CA2235,1,1
CA2236,2,1
CA2237,3,2
CA2239,3,1
CA2241,1,2
CA2242,2,1
CA2243,1,1
CA2244,2,1
CA2245,3,1
CA2246,3,1
CA2247,2,1
CA2248,1,1
CA2249,1,2
CA2250,1,2
CA2251,1,1
CA2252,1,1
CA2253,1,2
CA2254,1,1
CA2255,1,2
CA2256,2,2
CA2257,2,1
CA2258,1,2
CA2259,3,1
CA2260,2,1
CA2261,3,2
CA2262,1,2
CA2264,3,1
CA2265,2,1
CA2266,3,1
CA2267,2,1
CA2268,1,3
CA2269,1,2
CA2270,3,1
CA2271,2,1
CA2272,1,2
CA2273,1,2
CA2274,1,2
CA2275,3,1
CA2276,2,1
CA2277,1,1
CA2278,1,1
CA2279,2,2
CA2280,2,1
CA2281,2,1
CA2282,2,1
CA2283,1,1
CA2284,1,1
CA2285,2,1
CA2286,1,2
CA2287,1,3
CA2288,2,1
CA2289,2,1
CA2290,2,1
CA2291,3,2
CA2292,1,2
CA2293,3,1
CA2294,1,1
CA2295,2,1
CA2296,3,2
CA2297,2,2
CA2298,2,2
CA2299,2,1
CA2301,2,1
CA2302,2,2
CA2304,3,1
CA2305,1,2
CA2307,2,1
CA2309,1,1
CA2310,2,1
CA2311,2,1
CA2313,2,1
CA2314,1,2
CA2315,2,1
CA2316,2,2
CA2317,1,2
CA2318,2,2
CA2319,2,2
CA2320,1,1
CA2321,2,1
CA2322,2,1
CA2323,3,1
CA2324,1,1
CA2325,1,1
CA2326,1,2
CA2327,3,1
CA2328,2,1
CA2329,1,2
CA2331,2,1
CA2333,2,1
CA2334,1,1
CA2335,2,1
CA2336,2,1
CA2337,3,2
CA2338,2,1
CA2339,1,2
CA2340,1,2
CA2341,1,2
CA2342,1,1
CA2343,1,2
CA2344,1,2
CA2345,1,2
CA2346,1,1
CA2347,2,1
CA2348,2,1
CA2349,3,1
CA2350,2,2
CA2351,2,1
CA2352,2,2
CA2353,1,1
CA2355,3,1
CA2356,2,1
CA2357,2,1
CA2358,2,1
CA2360,1,2
CA2361,1,2
CA2362,1,1
CA2363,1,1
CA2364,2,1
CA2365,2,3
CA2366,3,2
CA2367,1,2
CA2368,1,2
CA2369,1,2
CA2370,1,1
CA2371,1,2
CA2372,1,1
CA2373,3,1
CA2374,2,2
CA2375,2,2
CA2376,1,1
CA2377,2,1
CA2379,1,1
CA2380,2,1
CA2381,3,3
CA2382,1,1
CA2383,1,2
CA2384,2,1
CA2385,1,1
CA2386,1,1
CA2387,2,2
CA2388,2,1
CA2389,2,1
CA2390,1,3
CA2391,2,1
CA2392,3,1
CA2393,3,1
CA2394,3,1
CA2395,1,1
CA2396,1,1
CA2397,1,1
CA2398,2,1
CA2399,1,2
CA2400,2,1
CA2401,3,1
CA2402,2,1
CA2403,2,1
CA2404,1,2
CA2405,1,1
CA2406,1,1
CA2407,2,1
CA2408,3,1
CA2409,2,1
CA2411,2,1
CA2412,1,1
CA2413,1,2
CA2414,1,1
CA2415,2,1
CA2416,2,2
CA2417,2,1
CA2418,2,2
CA2420,1,2
CA2421,2,1
CA2422,1,1
CA2423,2,1
CA2424,1,1
CA2425,1,1
CA2426,2,2
CA2427,1,1
CA2428,2,1
CA2429,2,1
CA2431,2,2
CA2432,2,1
CA2433,1,2
CA2434,1,2
CA2435,2,2
CA2436,1,1
CA2437,3,1
CA2438,1,1
CA2440,2,1
CA2441,1,1
CA2442,1,1
CA2443,2,2
CA2444,1,1
CA2445,1,1
CA2446,1,2
CA2447,3,1
CA2449,3,1
CA2450,1,1
CA2451,3,1
CA2452,1,1
CA2453,1,2
CA2454,2,2
CA2456,1,2
CA2457,1,2
CA2458,2,2
CA2459,2,1
CA2460,2,1
CA2461,3,2
CA2462,2,1
CA2463,2,1
CA2465,1,1
CA2466,2,2
CA2467,1,2
CA2468,1,2
CA2469,2,1
CA2470,3,1
CA2471,3,1
CA2472,1,2
CA2473,1,1
CA2476,3,1
CA2478,2,1
CA2479,1,2
CA2480,3,1
CA2482,2,1
CA2483,1,1
CA2484,1,3
CA2485,2,1
CA2486,2,1
CA2487,3,1
CA2488,1,2
CA2489,1,1
CA2490,2,1
CA2491,2,2
CA2492,1,1
CA2494,3,1
CA2495,2,1
CA2496,2,1
CA2497,3,2
CA2499,2,2
CA2500,2,1
CA2501,3,1
CA2502,1,2
CA2503,2,2
CA2504,2,2
CA2505,1,1
CA2506,1,2
CA2507,2,2
CA2508,3,2
CA2509,3,2
CA2510,2,1
CA2511,3,1
CA2512,1,1
CA2513,1,2
CA2514,2,1
CA2515,1,1
CA2516,2,1
CA2517,2,1
CA2519,1,2
CA2520,1,1
CA2521,1,1
CA2522,2,1
CA2523,1,1
CA2524,2,1
CA2525,1,2
CA2526,1,2
CA2527,1,2
CA2528,2,2
CA2529,2,1
CA2530,1,1
CA2531,1,1
CA2532,2,1
CA2534,3,2
CA2535,2,1
CA2536,2,1
CA2537,1,2
CA2538,2,1
CA2539,1,1
CA2541,3,1
CA2542,1,2
CA2543,1,1
CA2544,2,2
CA2545,2,1
CA2546,2,1
CA2547,1,1
CA2548,2,2
CA2550,2,1
CA2551,3,1
CA2552,2,2
CA2553,1,1
CA2554,2,1
CA2555,1,1
CA2556,3,1
CA2557,3,1
CA2558,3,1
CA2560,3,1
CA2562,2,1
CA2563,3,1
CA2564,3,2
CA2565,1,2
CA2566,2,1
CA2567,3,1
CA2568,1,2
CA2569,3,1
CA2570,3,2
CA2571,1,1
CA2572,3,1
CA2573,3,2
CA2574,3,2
CA2576,1,2
CA2577,3,1
CA2578,1,2
CA2579,3,1
CA2580,2,1
CA2581,2,1
CA2582,2,1
CA2583,1,2
CA2584,3,1
CA2585,2,1
CA2586,2,1
CA2587,2,1
CA2588,1,2
CA2589,1,2
CA2590,1,2
CA2591,3,1
CA2592,1,1
CA2593,1,1
CA2595,1,1
CA2602,1,3
CA2604,2,1
CA2605,1,3
CA2609,1,2
CA2610,1,2
CA2611,3,1
CA2612,1,2
CA2618,2,1
CA2631,1,2
CA2657,3,1
CA2658,3,1
CA2681,2,1
CA2682,2,1
CA2711,2,1
CA2718,2,1
CA2719,2,1
CA2723,1,2
CA2730,2,1
CA2800,1,2
CA2802,3,1
CA2803,3,1
CA2804,3,1
CA2806,1,1
CA2832,1,2
CA2833,1,2
CA2834,2,1
CA2835,3,1
CA2837,2,1
CA2854,1,1
CA2859,3,3
CA2967,1,1
CA2968,1,1
CA2969,2,1
CA7000,1,3
CA7007,1,2
CA7016,1,3
CA7049,1,3
CA7052,1,2
CA7055,1,3
CA7058,1,3
CA7061,1,3
CA7073,3,1
CA7074,2,3
CA7082,1,3
CA7120,1,3
CA7137,1,3
CA7179,2,3
CA7196,1,3
CA7230,3,1
CA7242,1,3
CA7252,2,3
CA7256,3,1
CA7262,1,2
CA7281,1,3
CA7287,1,3
CA7291,1,3
CA7297,1,3
CA7319,1,3
CA7334,2,2
CA7336,1,3
CA7346,1,3
CA7347,1,3
CA7359,1,3
CA7377,2,3
CA7406,1,3
CA7415,3,1
CA7482,1,3
CA7599,1,2
CA7600,3,1
CA7605,1,2
CA7752,2,3
CA7774,1,3
CA7800,1,3
CA7802,1,3
CA7807,1,3
CA7809,1,3
CA7847,1,3
CA7848,1,3
CA7852,1,2
CA7860,3,1
CA8005,2,3
CA8011,1,3
CA8013,1,2
CA8014,2,3
CA8023,1,3
CA8033,1,2
CA8037,1,2
CA8039,1,3
CA8049,1,3
CA8064,1,3
CA8071,1,3
CA8072,1,2
CA8073,1,3
CA8076,1,3
CA8085,1,3
CA8087,1,2
CA8093,1,3
CA8100,1,3
CA8105,1,3
CA8107,1,3
CA8108,1,3
CA8153,1,3
CA8163,1,3
CA8167,1,2
CA8172,3,1
CA8173,3,1
CA8174,3,2
CA8177,2,2
CA8220,1,3
CA8221,1,3
CA8224,2,3
CA8258,1,2
CA8266,1,3
CA8268,2,3
CA8273,1,3
CA8281,1,2
CA8317,1,3
CA8319,1,3
CA8335,1,3
CA8337,1,3
CA8342,1,3
CA8349,1,3
CA8356,1,2
CA8358,1,3
CA8360,1,2
CA8364,2,2
CA8365,1,3
CA8375,1,3
CA8376,1,3
CA8402,1,3
CA8403,3,1
CA8404,3,2
CA8406,1,2
CA8409,1,2
CA8412,3,1
CA8413,2,2
CA8417,1,2
CA8436,1,2
CA8437,1,3
CA8438,2,1
CA8442,1,3
CA8443,1,3
CA8444,1,3
CA8454,1,3
CA8463,3,3
CA8464,1,2
CA8467,1,3
CA8477,1,2
CA8499,2,1
CA8530,3,1
CA8575,1,2
CA8589,2,2
CA8590,2,2
CA8602,1,2
CA8614,1,3
CA8624,1,3
CA8802,1,3
CA8811,1,2
CA8814,1,3
CA8839,1,2
CA8840,1,3
CA8864,1,2
CA8878,1,3
CA8898,1,3
CA8905,1,2
CA8908,1,2
CA8961,2,1
CA8975,1,3
CA8979,1,3
CA9041,2,3
CA9051,1,2
CA9094,1,3
CA9111,1,2
CA9122,1,3
CA9141,1,3
CA9151,2,2
CA9159,1,3
CA9168,1,3
CA9187,1,3
CA9188,1,3
CA9191,1,3
CA9196,1,3
CA9199,1,2
CA9205,1,2
CA9211,1,3
CA9233,3,2
CA9240,1,2
CA9252,1,3
CA9253,2,3
CA9261,1,3
CA9266,2,2
CA9276,1,3
CA9277,1,3
CA9281,1,2
CA9288,1,2
CA9289,2,3
CA9303,1,3
CA9306,1,2
CA9314,1,2
CA9343,3,1
CA9357,1,3
CA9404,1,3
CA9414,1,3
CA9419,3,1
CA9420,1,3
CA9427,1,2
CA9435,1,3
CA9438,1,3
CA9480,1,3
CA9494,2,3
CA9502,3,1
CA9526,1,3
CA9609,2,2
CA9619,1,2
CO0001,2,1
CO0003,1,2
CO0006,3,1
CO0007,3,1
CO0008,3,1
CO0009,2,1
CO0010,2,1
CO0012,2,1
CO0013,2,2
CO0014,3,1
CO0015,1,3
CO0016,1,2
CO0017,1,2
CO0019,1,3
CO0020,1,3
CO0021,3,3
CO0022,1,2
CO0023,1,2
CO0024,3,1
CO0025,1,2
CO0026,1,2
CO0027,1,3
CO0031,2,1
CO0032,1,3
CO0041,3,1
CO0042,2,1
CO0043,2,2
CO0044,3,1
CO0045,3,1
CO0047,3,1
CO0049,1,2
CO0051,1,3
CO0054,1,3
CO0056,1,2
CO0058,1,2
CO0059,2,2
CO0060,2,1
CO0062,3,1
CO0063,3,1
CO0064,1,1
CO0066,1,2
CO0067,1,1
CO0068,2,1
CO0069,2,2
CO0070,1,2
CO0072,2,1
CO0075,1,2
CO0076,3,1
CO0079,1,3
CO0080,1,3
CO0082,1,2
CO0083,2,1
CO0101,1,2
CO0105,2,2
CO0106,2,1
CO0107,3,1
CO0108,2,1
CO0109,3,1
CO0110,2,1
CO0111,3,1
CO0112,2,1
CO0113,2,1
CO0114,2,1
CO0115,3,1
CO0116,3,1
CO0117,3,1
CO0118,1,2
CO0119,2,1
CO0120,3,2
CO0121,2,1
CO0122,2,1
CO0123,2,2
CO0125,3,1
CO0126,2,2
CO0127,3,1
CO0128,2,1
CO0129,3,1
CO0130,1,2
CO0131,1,3
CO0132,2,1
CO0133,3,1
CO0134,3,1
CO0135,2,1
CO0136,2,1
CO0137,2,1
CO0138,2,1
CO0139,2,1
CO0140,1,2
CO0141,2,1
CO0142,2,1
CO0144,3,1
CO0146,2,1
CO0148,2,1
CO0149,3,1
CO0150,2,1
CO0151,3,1
CO0152,2,1
CO0153,3,1
CO0154,1,3
CO0155,2,1
CO0156,3,1
CO0157,2,1
CO0158,3,1
CO0159,2,1
CO0160,2,1
CO0161,1,1
CO0162,2,2
CO0163,2,1
CO0164,3,1
CO0165,3,1
CO0166,1,1
CO0167,3,1
CO0170,2,1
CO0171,2,2
CO0172,2,1
CO0173,2,1
CO0174,2,1
CO0175,2,2
CO0176,3,2
CO0177,2,1
CO0178,3,2
CO0179,3,1
CO0180,2,1
CO0181,3,1
CO0182,2,1
CO0183,3,2
CO0184,3,2
CO0185,2,2
CO0186,2,1
CO0187,2,1
CO0188,3,1
CO0189,3,1
CO0190,2,1
CO0191,3,1
CO0192,2,1
CO0193,3,2
CO0194,3,1
CO0195,3,2
CO0196,2,1
CO0197,3,1
CO0198,1,2
CO0199,1,1
CO0200,2,1
CO0201,3,1
CO0202,2,2
CO0203,3,1
CO0204,2,1
CO0205,3,1
CO0206,1,2
CO0207,2,1
CO0208,1,1
CO0209,3,1
CO0210,3,1
CO0211,2,1
CO0212,2,1
CO0213,2,2
CO0214,2,1
CO0215,3,1
CO0216,3,1
CO0217,3,1
CO0218,3,1
CO0219,3,1
CO0220,2,1
CO0221,2,1
CO0222,1,2
CO0223,1,3
CO0224,2,1
CO0226,3,1
CO0227,2,1
CO0228,2,1
CO0229,2,1
CO0232,2,1
CO0233,3,1
CO0236,2,1
CO0237,1,3
CO0238,1,2
CO0239,2,1
CO0240,1,3
CO0241,2,1
CO0242,1,1
CO0243,2,1
CO0244,3,1
CO0248,1,2
CO0249,2,1
CO0250,3,1
CO0252,3,1
CO0254,1,2
CO0261,3,1
CO0262,1,3
CO0271,1,3
CO0272,1,1
CO0273,1,2
CO0275,1,2
CO0276,1,2
CO0278,2,2
CO0279,1,2
CO0281,2,1
CO0282,2,1
CO0283,2,1
CO0285,2,1
CO0296,3,1
CO0301,1,3
CO0660,2,1
CO0661,2,1
CO1070,2,2
CO1401,2,1
CO1413,1,3
CO1430,1,3
CO1432,1,3
CO1433,1,2
CO1437,1,3
CO1829,1,3
CO1891,1,1
CO2123,1,2
CO2125,1,2
CO2250,1,3
CO2607,1,2
CO2629,1,2
CO3129,1,2
CO3326,1,3
CO3669,1,2
CO3670,1,3
CO3675,1,3
CO3716,1,3
CO3841,1,2
CO3842,1,2
CO3843,1,3
CO3844,1,2
CO3874,1,3
CO3908,1,2
CO4006,1,2
CO4056,1,3
CO4137,1,3
CO4139,1,3
CO4140,1,3
CO4169,1,3
CO4173,1,2
CO4174,1,2
CO4236,1,2
CO5370,1,3
CO5729,1,2
CO7101,2,1
CO8019,1,2
CO8460,1,3
CO8467,1,2
CO8469,2,3
CO8470,1,3
CO8471,1,3
CO8472,1,3
CO8476,1,2
CO8477,1,3
CO8478,1,2
CO8479,1,2
CO8480,1,3
CO8482,1,2
CO8489,1,2
CO8490,1,3
CO8491,1,2
CO8492,1,2
CO8494,1,2
CO8567,1,2
CO8599,1,3
CO9056,1,2
CO9057,1,2
CO9459,2,1
CO9530,1,2
CO9540,2,1
CO9546,1,2
CO9554,3,1
CO9589,3,1
CT0005,1,3
CT0009,1,2
CT0014,1,2
CT0016,1,2
CT0211,1,2
CT0250,2,2
CT3518,1,3
CT4511,1,3
CT7001,1,2
CT7011,1,3
CT7021,1,3
CT7031,2,3
CT7061,1,3
CT8501,1,3
CT9031,3,1
CT9041,3,1
CT9061,3,1
CT9081,3,1
CT9091,3,2
CT9092,3,1
CT9121,3,1
DE0006,3,1
DE1494,2,3
DE1853,3,2
DE1866,3,1
DE3413,3,1
FL0016,1,2
FL0022,1,3
FL0031,1,3
FL0033,1,3
FL0035,1,2
FL0036,2,3
FL0038,1,3
FL0040,1,3
FL0042,1,3
FL0044,1,3
FL0051,2,2
FL0052,1,3
FL0053,1,3
FL0054,1,2
FL0055,1,3
FL0056,1,2
FL0057,1,2
FL0058,2,2
FL0059,1,2
FL0060,1,2
FL0062,3,1
FL0064,1,3
FL0066,1,2
FL0068,1,2
FL0071,1,2
FL0073,1,2
FL0075,1,2
FL0077,1,1
FL0080,1,3
FL0082,1,2
FL0086,1,2
FL0088,1,1
FL0090,1,3
FL0092,1,2
FL0094,1,2
FL0096,1,3
FL0098,1,1
FL0099,3,2
FL0102,1,3
FL0104,2,1
FL0107,1,2
FL0109,1,3
FL0111,2,1
FL0112,1,2
FL0115,1,3
FL0117,1,2
FL0119,1,3
FL0121,2,1
FL0126,1,2
FL0133,1,3
FL0134,1,3
FL0136,1,3
FL0140,1,3
FL0142,3,1
FL0144,2,3
FL0149,3,1
FL0150,1,2
FL0152,2,1
FL0155,1,3
FL0156,1,3
FL0164,3,1
FL0166,1,3
FL0168,1,2
FL0170,1,2
FL0172,1,2
FL0173,3,1
FL0174,1,1
FL0175,2,1
FL0177,1,3
FL0179,1,3
FL0180,1,3
FL0183,1,2
FL0185,1,1
FL0187,1,2
FL0189,1,3
FL0191,1,1
FL0199,3,1
FL0200,3,1
FL0201,1,2
FL0204,1,3
FL0205,1,3
FL0207,1,2
FL0208,2,1
FL0209,1,2
FL0217,1,2
FL0219,2,3
FL0221,1,3
FL0223,1,3
FL0226,1,3
FL0228,2,1
FL0230,3,1
FL0231,1,2
FL0232,1,2
FL0233,2,1
FL0235,1,2
FL0236,1,2
FL0238,3,2
FL0240,1,2
FL0244,3,1
FL0245,2,1
FL0252,1,2
FL0255,1,2
FL0258,1,2
FL0259,1,3
FL0261,1,3
FL0263,1,2
FL0264,3,1
FL0268,3,1
FL0269,3,1
FL0277,1,2
FL0278,2,1
FL0284,2,1
FL0285,3,1
FL0287,2,1
FL0289,1,3
FL0300,1,1
FL0301,3,1
FL0302,2,1
FL0303,3,1
FL0304,2,1
FL0305,3,1
FL0306,1,2
FL0307,1,2
FL0308,2,1
FL0309,2,1
FL0310,2,2
FL0311,3,1
FL0312,1,1
FL0313,1,1
FL0314,3,1
FL0315,2,2
FL0316,2,2
FL0317,2,2
FL0318,1,2
FL0319,2,1
FL0320,1,2
FL0321,2,2
FL0322,1,1
FL0323,1,1
FL0324,2,1
FL0325,2,1
FL0326,1,2
FL0327,1,2
FL0328,2,1
FL0329,1,2
FL0330,1,2
FL0331,2,2
FL0332,1,1
FL0333,2,1
FL0334,3,1
FL0335,2,1
FL0336,2,1
FL0337,3,1
FL0338,3,1
FL0339,1,2
FL0340,1,2
FL0341,2,1
FL0342,3,1
FL0343,1,1
FL0344,3,1
FL0345,2,1
FL0346,2,1
FL0347,3,1
FL0351,1,2
FL0352,1,2
FL0362,1,3
FL0364,1,3
FL0365,1,3
FL0368,1,2
FL0379,1,2
FL0381,1,2
FL0383,1,2
FL0385,1,3
FL0387,1,2
FL0389,1,2
FL0391,1,2
FL0393,1,3
FL0395,1,2
FL0400,1,2
FL0402,1,2
FL0406,2,2
FL0408,1,3
FL0410,1,3
FL0411,1,3
FL0416,1,2
FL0418,1,3
FL0421,1,3
FL0424,1,2
FL0426,1,2
FL0427,1,2
FL0429,1,3
FL0432,1,2
FL0434,1,3
FL0436,1,3
FL0437,1,2
FL0440,1,2
FL0442,2,1
FL0443,3,1
FL0444,2,1
FL0446,1,2
FL0451,1,2
FL0452,1,3
FL0456,2,1
FL0457,1,2
FL0459,2,1
FL0462,1,2
FL0464,3,1
FL0467,1,2
FL0470,1,3
FL0471,3,1
FL0478,1,2
FL0479,1,1
FL0480,3,1
FL0484,1,3
FL0485,1,1
FL0486,3,1
FL0488,1,2
FL0490,1,2
FL0492,3,1
FL0493,3,1
FL0509,3,1
FL0511,2,1
FL0518,1,2
FL0519,2,1
FL0528,1,3
FL0529,2,2
FL0544,2,1
FL0552,1,2
FL0555,1,2
FL0557,1,2
FL0558,1,3
FL0562,2,2
FL0568,1,2
FL0569,2,1
FL0570,1,2
FL0574,1,2
FL0600,1,1
FL0601,1,2
FL0607,3,1
FL0638,3,1
FL0639,2,1
FL0640,3,1
FL0645,1,2
FL0653,1,2
FL0654,2,3
FL0659,3,1
FL0661,3,1
FL0666,2,2
FL0670,1,2
FL0676,1,1
FL0686,3,1
FL0692,2,1
FL0699,2,2
FL0707,3,1
FL0708,3,1
FL0712,3,2
FL0752,3,1
FL0753,3,1
FL0754,3,1
FL0755,3,1
FL0756,3,1
FL0757,3,1
FL0758,3,1
FL0760,3,1
FL0761,3,1
FL0762,3,1
FL0763,3,1
FL0764,3,1
FL0766,3,1
FL0773,3,1
FL0774,3,1
FL0781,3,1
FL1823,2,1
FL1824,1,2
FL1943,1,2
FL3175,3,1
FL3178,3,1
FL3943,3,1
FL6486,2,2
FL6627,2,1
FL6867,3,1
FL7000,1,3
FL7035,3,3
FL7074,1,3
FL7110,2,3
FL7213,2,3
FL7307,2,3
FL7321,1,3
FL7322,1,3
FL7323,1,3
FL7326,1,2
FL7333,1,3
FL7363,2,2
FL7364,2,3
FL7368,2,2
FL7370,1,3
FL7372,1,3
FL7393,1,3
FL7409,3,2
FL7416,1,2
FL7418,1,3
FL7422,3,2
FL7430,1,2
FL7431,1,3
FL7437,1,2
FL7439,1,2
FL7441,1,3
FL7450,1,2
FL7454,1,3
FL7462,1,3
FL7469,1,3
FL7478,1,3
FL7483,3,2
FL7484,1,3
FL7489,3,2
FL7493,1,3
FL7494,1,2
FL7495,1,3
FL7499,1,3
FL7504,1,3
FL7508,1,3
FL7513,1,3
FL7515,1,3
FL7521,1,3
FL7522,1,3
FL7524,1,3
FL7533,2,3
FL7537,1,2
FL7539,1,3
FL7540,2,3
FL7541,1,3
FL7543,1,3
FL7546,1,2
FL7548,1,3
FL7559,1,2
FL7567,1,3
FL7569,1,3
FL7570,1,3
FL7573,2,3
FL7575,1,3
FL7576,1,3
FL7577,1,3
FL7582,1,3
FL7591,1,3
FL7593,3,2
FL7598,1,2
FL7611,3,2
FL7612,1,2
FL7615,1,3
FL7619,1,3
FL7621,1,3
FL7622,1,3
FL7624,2,3
FL7634,2,3
FL7635,1,3
FL7639,2,3
FL7643,1,3
FL7647,1,3
FL7648,1,3
FL7657,1,2
FL7659,1,3
FL7664,1,3
FL7667,1,3
FL7669,1,3
FL7671,1,3
FL7674,1,2
FL7676,1,3
FL7679,1,3
FL7683,1,3
FL7690,1,3
FL7692,1,2
FL7697,1,3
FL7702,1,3
FL7703,1,3
FL7708,1,3
FL7709,1,3
FL7711,1,3
FL7712,1,3
FL7713,1,3
FL7714,1,3
FL7715,1,3
FL7716,1,3
FL7717,1,3
FL7718,1,3
FL7720,1,3
FL7722,1,3
FL7723,2,3
FL7725,2,3
FL7726,1,3
FL7728,1,2
FL7731,1,3
FL7734,1,3
FL7735,1,3
FL7737,1,2
FL7739,1,3
FL7740,1,3
FL7741,1,3
FL7742,1,3
FL7746,1,3
FL7764,1,2
FL7765,1,3
FL7766,1,3
FL7767,1,3
FL7796,1,3
FL7798,1,3
FL7799,1,3
FL7832,1,3
FL7839,1,3
FL7850,1,3
FL7863,1,3
FL7865,1,3
FL7867,1,3
FL7869,2,3
FL7870,1,3
FL7872,1,3
FL7876,1,3
FL7878,1,3
FL7879,2,3
FL7885,1,3
FL7887,1,3
FL7891,1,3
FL7894,1,3
FL7903,1,2
FL7907,1,3
FL7909,1,3
FL7911,1,3
FL7915,1,3
FL7917,1,3
FL7923,1,3
FL7927,1,3
FL7929,1,3
FL7931,1,3
FL7958,1,2
FL7961,1,3
FL7963,1,3
FL7965,1,2
FL7967,2,3
FL7969,1,3
FL7971,1,3
FL7973,1,3
FL7975,2,3
FL7977,1,3
FL7979,1,3
FL7981,1,2
FL7987,1,2
FL7993,1,3
FL9151,3,1
GA0005,1,2
GA0006,1,3
GA0010,1,3
GA0011,1,3
GA0012,2,1
GA0013,1,2
GA0014,1,3
GA0016,1,2
GA0018,1,2
GA0020,1,2
GA0022,1,2
GA0024,1,3
GA0026,1,2
GA0028,1,1
GA0030,1,2
GA0032,1,2
GA0034,1,1
GA0035,2,2
GA0036,1,2
GA0037,2,1
GA0038,1,3
GA0042,1,2
GA0043,1,2
GA0044,1,2
GA0046,1,2
GA0048,1,2
GA0050,1,2
GA0052,1,2
GA0054,1,2
GA0055,2,1
GA0056,2,1
GA0057,1,1
GA0059,1,2
GA0061,1,2
GA0063,1,2
GA0065,1,2
GA0067,1,2
GA0069,1,2
GA0071,1,2
GA0073,1,2
GA0078,1,2
GA0080,2,1
GA0081,3,1
GA0087,2,3
GA0088,1,3
GA0092,1,2
GA0093,3,1
GA0094,2,1
GA0099,2,2
GA0100,2,3
GA0101,2,2
GA0102,2,2
GA0114,2,1
GA0121,2,1
GA0127,2,1
GA0785,3,1
GA8538,1,2
GA8568,1,2
GA8636,2,2
GA8637,1,2
GA8638,3,2
GA8640,1,3
GA8641,1,3
GA8642,1,2
GA8643,2,3
GA8649,2,3
GA8652,1,2
GA8654,1,3
GA8656,1,2
GA8663,1,3
GA8671,1,3
GA8672,1,3
GA8683,1,3
GA8685,1,3
GA8686,1,3
GA8687,1,3
GA8698,1,3
GA8713,1,3
GA8721,2,2
GA8726,1,2
GA8728,1,2
GA8730,1,2
GA8738,2,3
GA8746,2,3
GA8753,2,3
HI0050,1,2
ID0001,1,1
ID0002,1,1
ID0003,2,1
ID1000,1,2
ID1001,1,2
ID1003,1,3
ID1006,2,2
ID1008,1,2
ID1009,1,2
ID1010,1,2
ID1012,2,1
ID1015,1,2
ID2000,2,2
ID2001,1,2
ID2003,1,1
ID2004,1,3
ID2006,1,1
ID2007,2,2
ID2008,1,3
ID2009,1,2
ID2010,1,2
ID2116,1,1
ID2123,2,1
ID2124,1,2
IL0001,1,2
IL0002,1,3
IL0003,1,3
IL0005,1,3
IL0007,1,2
IL0008,2,1
IL0009,2,1
IL0010,2,1
IL0011,2,1
IL0012,1,3
IL0013,2,3
IL0014,1,3
IL0015,1,3
IL0016,1,2
IL0017,1,2
IL0018,3,2
IL0019,1,3
IL0020,1,1
IL0021,2,3
IL0023,1,2
IL0024,3,1
IL0025,2,1
IL0026,1,2
IL0028,1,3
IL0029,1,2
IL0030,1,2
IL0031,1,1
IL0039,1,2
IL0041,1,3
IL0042,1,1
IL0043,1,2
IL0044,1,3
IL0046,1,3
IL0047,1,3
IL0049,3,1
IL0050,3,2
IL0051,2,1
IL0052,2,1
IL0053,2,1
IL0058,1,3
IL0059,1,3
IL0060,1,3
IL0062,2,3
IL0063,1,3
IL0064,2,2
IL0065,1,3
IL0066,1,3
IL0067,3,1
IL0069,3,1
IL0073,1,3
IL0075,3,1
IL0078,3,1
IL0080,2,1
IL0083,1,3
IL0085,1,3
IL0086,1,3
IL0087,1,3
IL0088,1,3
IL0089,3,2
IL0090,2,2
IL0103,3,2
IL0107,2,3
IL0109,1,3
IL0113,1,3
IL0114,1,3
IL0116,1,3
IL0118,1,2
IL0122,1,3
IL0123,1,3
IL0125,2,1
IL0126,1,2
IL0127,1,3
IL0131,1,3
IL0133,2,1
IL0135,1,3
IL0137,1,3
IL0139,1,3
IL0141,1,3
IL0143,1,3
IL0144,1,3
IL0147,1,3
IL0150,1,3
IL0155,1,3
IL0156,1,3
IL0158,1,2
IL0159,1,1
IL0160,1,1
IL0161,1,2
IL0163,1,3
IL0164,1,3
IL0165,1,2
IL0169,1,3
IL0172,1,2
IL0173,1,3
IL0175,1,2
IL0176,1,2
IL0177,2,2
IL0178,1,2
IL0180,1,3
IL0184,1,3
IL0186,1,3
IL0187,2,2
IL0188,2,2
IL0189,1,3
IL0193,1,3
IL0194,2,2
IL0195,3,1
IL0196,3,1
IL0197,1,3
IL0203,1,2
IL0209,1,2
IL0210,1,2
IL0211,1,2
IL0215,1,3
IL0216,1,1
IL0217,2,1
IL0218,1,1
IL0219,1,1
IL0220,1,2
IL0221,1,1
IL0222,1,3
IL0224,1,3
IL0226,1,3
IL0230,2,3
IL0232,3,3
IL0233,1,3
IL0235,2,1
IL0238,1,2
IL0241,2,1
IL0242,2,1
IL0243,1,2
IL0244,1,2
IL0245,2,1
IL0246,3,1
IL0249,2,2
IL0250,1,3
IL0252,1,3
IL0253,3,1
IL0255,1,3
IL0256,1,3
IL0258,1,3
IL0259,1,2
IL0260,2,1
IL0261,2,1
IL0262,1,3
IL0270,2,1
IL0271,3,1
IL0272,1,2
IL0275,1,2
IL0277,2,1
IL0279,3,1
IL0282,1,3
IL0283,3,1
IL0287,3,1
IL0288,3,1
IL0290,2,1
IL0292,3,1
IL0293,3,1
IL0294,3,1
IL0295,3,1
IL0296,2,2
IL0297,3,1
IL0304,3,1
IL0306,3,1
IL0308,2,2
IL0317,2,1
IL0318,2,1
IL0319,3,1
IL0320,3,1
IL0328,2,3
IL0338,2,2
IL0341,1,3
IL0343,1,3
IL0344,1,3
IL0346,1,3
IL0347,1,3
IL0348,1,3
IL0350,3,1
IL0351,1,2
IL0354,3,1
IL0362,3,1
IL0363,3,1
IL0364,3,1
IL0365,3,1
IL0366,1,3
IL0367,2,1
IL0368,2,1
IL0369,3,1
IL0370,1,3
IL0372,1,2
IL0373,1,1
IL0374,2,1
IL0376,1,3
IL0378,1,3
IL0380,1,3
IL0384,1,3
IL0387,1,3
IL0389,1,3
IL0395,1,1
IL0396,1,3
IL0399,1,3
IL0400,1,2
IL0405,1,1
IL0406,2,2
IL0408,1,2
IL0409,2,1
IL0410,1,1
IL0412,2,1
IL0413,3,2
IL0414,3,1
IL0415,2,2
IL0418,3,1
IL0419,3,1
IL0422,3,1
IL0427,1,2
IL0428,1,1
IL0429,1,3
IL0432,3,1
IL0435,1,3
IL0437,1,3
IL0439,1,3
IL0441,1,3
IL0442,1,3
IL0444,1,2
IL0445,1,1
IL0446,3,1
IL0450,1,3
IL0453,1,3
IL0454,1,2
IL0455,2,1
IL0457,1,3
IL0458,3,1
IL0461,1,3
IL0462,1,3
IL0464,1,3
IL0465,1,3
IL0466,1,3
IL0468,1,3
IL0469,1,2
IL0473,1,3
IL0474,1,2
IL0476,1,3
IL0478,1,3
IL0480,1,3
IL0481,1,3
IL0485,1,3
IL0486,1,3
IL0488,3,1
IL0489,1,3
IL0490,1,3
IL0492,1,3
IL0494,1,3
IL0499,1,3
IL0503,3,1
IL0504,1,2
IL0505,1,3
IL0508,3,1
IL0518,1,3
IL0519,3,1
IL0526,3,1
IL0528,1,1
IL0530,2,2
IL0532,1,2
IL0533,1,2
IL0535,1,2
IL0541,1,3
IL0542,1,2
IL0546,1,3
IL0547,1,3
IL0552,3,1
IL0553,1,2
IL0554,2,1
IL0555,1,2
IL0576,1,3
IL0577,3,1
IL0584,3,2
IL0597,1,1
IL0598,2,1
IL0600,1,2
IL0603,1,3
IL0604,1,2
IL0608,3,1
IL0614,1,2
IL0717,1,2
IL0718,1,3
IL0720,1,2
IL0727,1,2
IL0728,1,3
IL0729,1,3
IL0730,2,2
IL0732,1,3
IL0733,1,3
IL0735,1,2
IL0737,1,3
IL0738,1,1
IL0739,1,2
IL0740,2,2
IL0741,1,2
IL0742,1,3
IL0751,1,1
IL0829,1,2
IL0888,1,3
IL0890,1,3
IL0891,1,3
IL0897,1,2
IL0898,1,3
IL0899,1,3
IL0900,1,3
IL0912,1,3
IL0918,1,2
IL0920,1,3
IL0922,1,2
IL0927,1,3
IL0928,1,1
IL0929,1,2
IL0933,1,2
IL0938,1,3
IL0939,1,1
IL0940,1,2
IL0941,1,2
IL0942,2,1
IL0943,1,3
IL1000,1,3
IL1010,1,3
IL1022,1,1
IL1033,1,1
IL1039,1,3
IL1040,1,3
IL1046,1,3
IL1048,1,3
IL1049,2,2
IL1050,1,3
IL1051,1,3
IL1053,1,3
IL1056,1,3
IL1059,1,3
IL1068,1,3
IL1069,1,1
IL1075,2,2
IL1076,1,2
IL1085,1,2
IL1094,1,3
IL1096,1,2
IL1099,1,2
IL1103,1,3
IL1110,3,2
IL1121,1,3
IL1126,1,3
IL1127,1,2
IL1128,1,2
IL1139,3,1
IL1140,2,3
IL1143,2,3
IL1145,2,3
IL1147,1,1
IL1150,1,2
IL1156,3,1
IL1164,3,2
IL1171,1,3
IL1173,1,2
IL1188,1,2
IL1190,1,2
IL1193,3,1
IL1201,1,2
IL1244,1,2
IL1249,1,3
IL1254,2,1
IL1262,1,1
IL1270,1,1
IL1274,1,2
IL1289,3,1
IL1298,2,2
IL1308,1,3
IL1310,2,3
IL1313,2,3
IL1332,1,2
IL1358,1,2
IL1360,1,2
IL1375,1,2
IL1410,2,2
IL1415,1,3
IL1417,1,3
IL1424,2,1
IL1430,3,1
IL1442,1,2
IL1449,1,2
IL1461,1,2
IL1468,2,2
IL1482,1,2
IL1487,1,3
IL1488,2,1
IL1495,1,3
IL1496,1,2
IL1500,1,2
IL1501,2,1
IL1503,1,2
IL1504,1,2
IL1506,1,2
IL1507,1,2
IL1509,1,2
IL1513,1,3
IL1517,1,2
IL1518,1,1
IL1521,1,2
IL1522,1,2
IL1527,1,1
IL1529,2,1
IL1530,1,2
IL1534,1,2
IL1536,2,1
IL1537,1,1
IL1540,2,1
IL1541,1,3
IL1543,2,1
IL1544,1,2
IL1545,1,3
IL1551,1,2
IL1552,3,1
IL1555,2,2
IL1559,1,1
IL1563,1,2
IL1564,2,1
IL1574,1,3
IL1580,2,1
IL1593,1,2
IL1594,1,2
IL1599,1,3
IL1600,1,3
IL1601,1,3
IL1622,2,1
IL1627,1,3
IL1628,1,3
IL1648,2,1
IL1651,1,3
IL1652,1,2
IL1654,2,3
IL1656,1,1
IL1658,3,1
IL1659,1,3
IL1660,1,3
IL1661,1,3
IL1670,1,2
IL1674,3,2
IL1675,1,3
IL1681,1,2
IL1686,1,3
IL1691,3,1
IL1692,1,3
IL1695,3,2
IL1702,1,3
IL1703,1,3
IL1705,1,2
IL1711,1,3
IL1714,1,2
IL1715,3,1
IL1720,1,3
IL1726,1,2
IL1727,1,2
IL1728,1,2
IL1732,1,3
IL1733,1,3
IL1734,1,3
IL1736,1,2
IL1738,1,2
IL1739,1,2
IL1743,1,2
IL1744,2,2
IL1746,3,1
IL1747,2,1
IL1748,1,2
IL1750,3,1
IL1752,2,1
IL1753,3,1
IL1755,2,1
IL1756,3,1
IL1760,2,2
IL1766,1,3
IL1767,1,3
IL1768,1,3
IL1776,1,3
IL1777,3,1
IL1778,1,3
IL1779,1,3
IL1783,3,1
IL1785,1,2
IL1791,3,1
IL1839,2,1
IL1848,1,3
IL1881,1,3
IL1886,2,1
IL1896,2,2
IL1959,1,2
IL1968,1,2
IL1970,1,3
IL1972,2,3
IL1974,2,2
IL1994,2,1
IL2000,1,3
IL2003,1,3
IL2005,1,3
IL2007,1,2
IL2010,2,2
IL2025,1,3
IL2045,1,1
IL2054,2,2
IL2058,3,2
IL2073,2,3
IL2077,3,1
IL2105,2,1
IL2110,2,3
IL2111,3,1
IL2116,1,3
IL2127,2,3
IL2128,3,1
IL2129,1,2
IL2130,2,1
IL2132,2,3
IL2134,1,3
IL2144,2,3
IL2162,1,2
IL2163,1,3
IL2165,1,3
IL2166,1,2
IL2167,1,2
IL2170,1,3
IL2173,1,3
IL2210,3,2
IL2211,1,3
IL2212,1,2
IL2213,2,1
IL2216,1,3
IL2249,1,3
IL2251,3,1
IL2275,3,1
IL2288,1,2
IL2289,1,1
IL2297,1,2
IL2298,1,2
IL2299,3,1
IL2305,1,1
IL2308,2,2
IL2335,1,2
IL2340,1,2
IL2344,1,3
IL2372,1,3
IL2432,1,2
IL2445,3,1
IL2447,1,2
IL2486,1,2
IL2528,3,1
IL2532,2,1
IL2558,1,3
IL2586,1,2
IL2588,2,1
IL2619,1,2
IL2633,1,3
IL2634,1,3
IL2665,1,2
IL2680,1,2
IL2684,1,2
IL2711,1,3
IL2720,1,1
IL2721,1,3
IL2742,1,2
IL2773,1,2
IL2785,1,3
IL2828,2,2
IL2831,1,1
IL2840,1,3
IL2850,1,1
IL2859,1,3
IL2872,1,2
IL2877,1,3
IL2903,2,3
IL2923,2,3
IL2924,2,1
IL2925,2,1
IL2926,3,1
IL2927,3,1
IL2928,3,1
IL2930,2,1
IL2931,3,1
IL2932,2,1
IL2933,3,1
IL2934,2,1
IL2935,2,1
IL2950,1,3
IL2951,1,3
IL2983,1,3
IL2985,1,2
IL2986,1,2
IL3007,1,3
IL3011,1,3
IL3014,1,2
IL3015,1,1
IL3023,2,1
IL3057,1,1
IL3060,1,3
IL3062,1,3
IL3072,1,2
IL3074,2,3
IL3075,1,2
IL3076,1,2
IL3078,1,3
IL3079,1,2
IL3092,1,1
IL3094,1,2
IL3169,1,3
IL3171,1,3
IL3179,1,2
IL3192,3,2
IL3193,3,1
IL3201,1,2
IL3202,2,1
IL3203,1,3
IL3205,1,2
IL3210,1,3
IL3213,1,2
IL3217,1,3
IL3221,2,1
IL3224,1,2
IL3226,2,1
IL3229,1,2
IL3230,1,2
IL3238,1,2
IL3241,1,1
IL3258,1,3
IL3259,1,3
IL3267,3,1
IL3273,1,2
IL3320,1,2
IL3321,1,3
IL3322,2,2
IL3328,1,2
IL3352,1,3
IL3353,1,3
IL3388,1,2
IL3389,1,3
IL3390,1,3
IL3392,1,2
IL3393,1,3
IL3396,1,3
IL3405,2,1
IL3406,2,1
IL3414,3,1
IL3415,1,3
IL3418,3,1
IL3420,1,3
IL3422,1,2
IL3424,1,1
IL3430,2,3
IL3432,1,2
IL3433,1,2
IL3434,1,3
IL3437,1,2
IL3451,1,2
IL3452,1,2
IL3455,3,3
IL3456,2,1
IL3476,1,3
IL3486,1,2
IL3490,2,1
IL3512,1,2
IL3519,1,2
IL3533,1,2
IL3538,1,1
IL3540,2,1
IL3541,3,1
IL3542,2,1
IL3543,3,1
IL3544,2,1
IL3545,2,1
IL3546,1,3
IL3547,1,2
IL3548,1,2
IL3549,2,1
IL3550,2,1
IL3551,2,1
IL3552,1,1
IL3553,2,3
IL3554,1,1
IL3555,1,3
IL3556,2,2
IL3560,2,2
IL3561,2,1
IL3563,2,1
IL3564,2,3
IL3567,1,1
IL3570,2,1
IL3572,1,2
IL3578,1,2
IL3579,1,2
IL3580,1,2
IL3581,1,2
IL3582,1,2
IL3583,1,2
IL3584,1,2
IL3585,2,2
IL3586,2,1
IL3587,1,2
IL3603,1,2
IL3604,2,1
IL3605,3,1
IL3606,1,1
IL3608,1,1
IL3609,3,1
IL3612,3,1
IL3613,1,3
IL3614,2,1
IL3617,2,1
IL3619,2,1
IL3620,1,2
IL3622,1,2
IL3623,1,2
IL3625,2,1
IL3627,1,2
IL3628,2,1
IL3629,1,1
IL3632,1,2
IL3633,2,1
IL3635,2,1
IL3636,1,3
IL3637,2,3
IL3651,1,2
IL3656,1,2
IL3661,3,1
IL3681,1,3
IL3682,1,3
IL3685,1,3
IL3686,1,2
IL3688,1,3
IL3690,1,2
IL3691,1,3
IL3692,1,3
IL3693,2,1
IL3694,1,3
IL3695,1,3
IL3698,1,3
IL3699,1,3
IL3700,1,3
IL3710,1,1
IL3724,1,3
IL3727,1,3
IL3728,1,3
IL3729,1,2
IL3730,2,1
IL3731,3,1
IL3735,1,3
IL3736,1,3
IL3738,1,3
IL3739,1,2
IL3743,1,3
IL3744,1,3
IL3749,1,3
IL3750,3,3
IL3754,1,3
IL3755,1,3
IL3763,3,1
IL3765,1,3
IL3774,1,2
IL3779,1,3
IL3780,1,2
IL3781,1,3
IL3802,1,3
IL3820,1,1
IL3821,1,1
IL3833,1,3
IL3850,1,3
IL3861,1,2
IL3878,1,3
IL3888,1,3
IL3889,1,3
IL3905,1,3
IL3906,1,3
IL3913,1,2
IL3914,1,2
IL3921,1,2
IL3922,1,2
IL3926,1,1
IL3927,1,1
IL3928,1,2
IL3929,1,2
IL3940,1,2
IL3946,1,1
IL3947,1,3
IL3948,2,3
IL3949,2,2
IL3950,1,3
IL3951,1,2
IL3952,1,2
IL3957,2,1
IL3961,2,3
IL3978,3,1
IL3993,1,3
IL3994,1,2
IL3995,1,3
IL4008,1,3
IL4009,1,3
IL4014,2,2
IL4015,2,2
IL4018,2,2
IL4019,1,2
IL4033,1,3
IL4035,1,2
IL4040,2,1
IL4042,2,3
IL4048,1,2
IL4049,1,3
IL4053,1,2
IL4054,1,2
IL4055,1,2
IL4058,1,3
IL4059,1,2
IL4060,1,3
IL4063,2,1
IL4064,1,2
IL4065,1,1
IL4067,1,2
IL4069,2,3
IL4076,1,3
IL4077,3,1
IL4080,2,3
IL4081,3,2
IL4082,1,3
IL4085,3,1
IL4086,1,3
IL4087,1,3
IL4088,1,3
IL4089,1,2
IL4091,1,3
IL4092,1,3
IL4095,2,2
IL4097,1,1
IL4099,2,2
IL4100,1,3
IL4102,1,3
IL4103,2,2
IL4104,3,2
IL4110,3,2
IL4111,2,1
IL4113,1,3
IL4116,3,2
IL4118,2,2
IL4119,1,3
IL4121,1,3
IL4123,1,3
IL4126,1,3
IL4127,1,3
IL4131,2,2
IL4132,1,3
IL4135,1,3
IL4136,1,2
IL4143,2,1
IL4145,1,2
IL4146,1,2
IL4147,2,3
IL4148,1,2
IL4150,1,3
IL4151,1,2
IL4152,1,2
IL4159,3,1
IL4160,1,2
IL4179,1,2
IL4197,2,2
IL4200,1,2
IL4218,1,2
IL4233,1,3
IL4242,1,3
IL4252,1,2
IL4258,1,1
IL4277,2,1
IL4306,1,3
IL4332,2,1
IL4336,1,3
IL4349,2,1
IL4355,1,2
IL4400,1,3
IL4404,1,2
IL4408,1,3
IL4409,2,1
IL4410,2,3
IL4411,2,1
IL4414,1,1
IL4415,2,1
IL4416,2,2
IL4419,1,2
IL4421,1,3
IL4424,2,2
IL4425,1,3
IL4426,1,2
IL4427,1,3
IL4431,1,3
IL4438,1,2
IL4440,1,2
IL4441,1,1
IL4450,1,2
IL4453,1,2
IL4454,1,3
IL4456,1,2
IL4460,1,1
IL4461,3,1
IL4463,1,3
IL4464,1,1
IL4479,1,3
IL4480,1,2
IL4488,1,2
IL4490,2,1
IL4494,1,2
IL4501,1,2
IL4502,1,3
IL4503,1,2
IL4519,1,3
IL4531,1,3
IL4532,2,1
IL4540,1,1
IL4542,1,2
IL4552,1,3
IL4554,1,3
IL4557,1,3
IL4560,1,2
IL4561,1,2
IL4570,2,1
IL4571,2,1
IL4572,1,1
IL4590,1,2
IL4593,1,2
IL4606,1,3
IL4609,1,3
IL4611,1,2
IL4612,2,2
IL4616,1,3
IL4617,1,3
IL4625,1,3
IL4626,1,3
IL4627,1,3
IL4628,1,1
IL4636,1,1
IL4639,1,3
IL4650,1,2
IL4652,1,3
IL4653,1,2
IL4655,2,3
IL4656,1,2
IL4660,1,1
IL4661,2,1
IL4662,1,3
IL4664,1,2
IL4668,2,2
IL4670,1,3
IL4675,1,1
IL4676,1,3
IL4713,1,3
IL4732,1,1
IL4734,1,2
IL4742,1,2
IL4743,1,3
IL4745,1,1
IL4746,1,1
IL4747,1,3
IL4752,3,1
IL4754,1,2
IL4757,1,2
IL4759,1,3
IL4763,2,1
IL4764,2,1
IL4769,1,3
IL4770,1,3
IL4775,1,3
IL4776,1,3
IL4778,1,3
IL4779,1,3
IL4780,1,1
IL4783,1,3
IL4785,1,2
IL4800,2,1
IL4803,1,3
IL4804,1,2
IL4807,1,2
IL4808,1,3
IL4809,1,3
IL4810,1,3
IL4812,2,2
IL4814,1,3
IL4815,1,2
IL4817,2,1
IL4818,2,2
IL4822,1,3
IL4823,3,1
IL4825,1,2
IL4826,2,2
IL4827,1,2
IL4828,1,3
IL4829,1,3
IL4831,1,3
IL4832,2,1
IL4833,1,3
IL4838,3,1
IL4842,2,1
IL4844,1,3
IL4845,1,3
IL4846,2,3
IL4849,1,3
IL4858,1,3
IL4859,1,1
IL4860,2,1
IL4862,1,2
IL4865,1,2
IL4866,1,3
IL4869,1,3
IL4873,1,3
IL4874,1,2
IL4875,1,2
IL4876,1,2
IL4877,1,3
IL4879,1,2
IL4882,1,3
IL4884,2,2
IL4887,2,1
IL4903,1,3
IL4905,1,3
IL4908,1,3
IL4909,1,3
IL4910,2,1
IL4913,1,3
IL4914,1,3
IL4916,2,1
IL4917,1,3
IL4918,1,3
IL4919,1,2
IL4927,1,2
IL4928,1,2
IL4930,1,3
IL4931,1,3
IL4935,2,2
IL4936,2,2
IL4937,1,2
IL4938,2,3
IL4939,1,1
IL4940,1,3
IL4941,1,2
IL4947,1,2
IL4986,1,3
IL4988,1,2
IL5033,2,3
IL5034,1,3
IL5045,1,2
IL5055,1,2
IL5056,1,2
IL5057,1,3
IL5076,1,3
IL5089,2,3
IL5103,1,3
IL5104,1,1
IL5106,1,2
IL5107,1,2
IL5108,1,1
IL5121,1,3
IL5123,2,3
IL5124,2,3
IL5126,1,2
IL5128,1,3
IL5137,2,1
IL5139,1,2
IL5140,1,3
IL5147,1,2
IL5148,2,1
IL5149,1,3
IL5188,1,2
IL5192,2,3
IL5193,1,3
IL5201,3,1
IL5203,1,2
IL5205,1,3
IL5207,1,3
IL5211,1,3
IL5214,1,3
IL5215,1,3
IL5217,3,1
IL5218,1,3
IL5220,1,2
IL5222,1,2
IL5223,1,2
IL5226,1,3
IL5229,1,1
IL5230,1,3
IL5233,1,2
IL5234,1,3
IL5235,1,3
IL5237,1,3
IL5238,1,2
IL5256,1,2
IL5257,1,1
IL5258,1,1
IL5275,1,2
IL5282,1,2
IL5284,1,1
IL5355,1,2
IL5356,1,3
IL5364,1,2
IL5366,1,2
IL5384,1,2
IL5386,1,3
IL5387,2,1
IL5427,1,3
IL5428,1,2
IL5429,1,2
IL5430,1,2
IL5432,1,3
IL5433,1,3
IL5434,1,3
IL5436,1,3
IL5468,1,3
IL5469,1,2
IL5488,2,1
IL5515,1,1
IL5520,1,1
IL5542,1,2
IL5543,1,2
IL5553,2,1
IL5594,1,2
IL5601,1,3
IL5606,2,1
IL5609,1,2
IL5632,1,3
IL5633,1,3
IL5634,1,3
IL5670,1,1
IL5683,2,2
IL5684,1,2
IL5711,1,2
IL5712,1,2
IL5713,1,2
IL5724,2,3
IL5735,1,2
IL5765,1,2
IL5786,1,2
IL5824,2,1
IL5825,2,3
IL5830,2,2
IL5832,1,2
IL5867,2,2
IL5868,1,3
IL5919,1,2
IL5924,1,2
IL5925,1,2
IL5926,1,3
IL5927,1,2
IL5962,1,2
IL6004,1,1
IL6046,3,1
IL6056,1,2
IL6065,1,1
IL6080,1,2
IL6081,1,3
IL6083,1,2
IL6108,1,3
IL6170,1,2
IL6176,1,2
IL6228,1,2
IL6238,1,2
IL6272,1,2
IL6294,1,2
IL6297,1,3
IL6332,1,3
IL6376,1,3
IL6377,2,1
IL6427,1,3
IL6439,3,1
IL6453,1,2
IL6462,1,3
IL6469,2,1
IL6475,1,2
IL6508,3,1
IL6518,1,1
IL6564,1,3
IL6580,1,1
IL6601,1,1
IL6629,1,2
IL6641,1,3
IL6746,1,1
IL6762,1,3
IL6795,1,1
IL6796,1,1
IL6820,1,1
IL6866,1,2
IL6937,1,3
IL6980,1,2
IL7019,1,2
IL7025,2,3
IL7026,2,3
IL7029,1,3
IL7030,1,3
IL7039,1,3
IL7040,1,3
IL7054,2,1
IL7100,2,1
IL7139,2,1
IL7162,1,2
IL7179,1,3
IL7250,1,3
IL7292,1,1
IL7307,1,1
IL7308,2,1
IL7359,1,3
IL7361,1,1
IL7411,2,1
IL7419,1,1
IL7457,2,1
IL7515,1,2
IL7559,2,2
IL7630,2,2
IL7687,2,3
IL7754,1,1
IL7824,1,2
IL7829,1,1
IL7860,2,1
IL8020,1,2
IL8021,1,3
IL8022,1,3
IL8026,1,2
IL8027,1,3
IL8028,1,3
IL8050,1,3
IL8051,1,2
IL8054,1,2
IL8055,1,2
IL8056,1,2
IL8057,1,2
IL8058,1,3
IL8074,1,3
IL8075,1,3
IL8077,1,3
IL8080,1,2
IL8087,1,3
IL8096,1,3
IL8097,1,3
IL8098,1,3
IL8113,3,1
IL8116,2,3
IL8123,1,2
IL8124,3,1
IL8125,3,1
IL8129,2,1
IL8131,3,1
IL8132,1,2
IL8139,1,2
IL8151,1,2
IL8156,1,2
IL8157,2,1
IL8158,1,3
IL8162,1,3
IL8163,1,2
IL8167,1,3
IL8170,1,2
IL8177,1,3
IL8182,1,3
IL8186,1,3
IL8188,3,2
IL8189,1,2
IL8191,1,3
IL8196,1,3
IL8197,1,3
IL8198,1,3
IL8203,1,2
IL8218,1,3
IL8220,1,3
IL8227,1,3
IL8228,1,2
IL8232,1,3
IL8233,2,1
IL8234,1,3
IL8235,1,3
IL8249,1,2
IL8251,1,2
IL8252,1,2
IL8253,2,1
IL8254,2,1
IL8255,2,1
IL8256,1,2
IL8257,1,2
IL8259,1,2
IL8261,1,2
IL8832,2,3
IL9000,3,1
IL9001,1,3
IL9072,1,2
IL9073,2,3
IL9124,3,3
IL9141,1,2
IL9210,2,3
IL9211,1,3
IL9238,2,2
IL9246,1,2
IL9249,2,2
IL9267,3,1
IL9276,1,3
IL9277,2,3
IL9281,3,1
IL9313,3,2
IL9349,1,2
IL9373,1,1
IL9381,1,3
IL9382,2,1
IL9383,2,1
IL9384,2,2
IL9385,2,2
IL9386,1,1
IL9388,1,1
IL9394,1,1
IL9432,2,1
IL9460,1,3
IL9461,1,2
IL9500,3,2
IL9518,1,2
IL9539,2,3
IL9600,1,2
IL9630,1,2
IL9698,1,3
IL9742,1,2
IL9760,1,3
IL9903,2,3
IL9999,3,1
IN0001,1,3
IN0002,2,2
IN0003,1,3
IN0004,1,3
IN0005,2,3
IN0007,1,3
IN0011,3,1
IN0012,3,1
IN0013,3,1
IN0014,3,1
IN0017,2,1
IN0021,3,1
IN0022,2,1
IN0023,1,2
IN0024,1,2
IN0027,1,2
IN0028,3,1
IN0029,3,1
IN0030,3,1
IN0032,1,1
IN0033,3,1
IN0035,2,1
IN0037,3,1
IN0039,2,1
IN0040,2,1
IN0041,2,1
IN0042,2,1
IN0043,3,1
IN0045,1,2
IN0046,2,1
IN0047,1,3
IN0048,1,3
IN0049,1,2
IN0050,1,3
IN0051,2,1
IN0053,3,1
IN0056,1,2
IN0057,2,1
IN0058,3,1
IN0059,3,1
IN0060,3,1
IN0065,3,1
IN0066,3,1
IN0067,3,1
IN0068,2,1
IN0069,2,1
IN0072,3,1
IN0073,1,3
IN0074,1,1
IN0075,2,2
IN0076,2,3
IN0077,2,3
IN0078,3,1
IN0079,2,1
IN0080,1,1
IN0081,1,3
IN0083,2,1
IN0084,2,1
IN0085,3,1
IN0086,1,3
IN0087,1,3
IN0088,3,1
IN0089,3,1
IN0090,3,1
IN0091,3,1
IN0092,2,1
IN0093,3,1
IN0094,2,1
IN0095,3,1
IN0096,3,1
IN0097,3,1
IN0099,3,1
IN0100,3,1
IN0101,3,1
IN0102,3,1
IN0103,3,1
IN0104,3,1
IN0105,3,1
IN0106,3,1
IN0111,1,3
IN0112,2,1
IN0113,3,1
IN0114,1,3
IN0116,1,2
IN0117,2,1
IN0118,1,2
IN0119,2,2
IN0121,1,2
IN0122,1,2
IN0125,1,3
IN0127,1,3
IN0140,3,1
IN0149,3,1
IN0150,3,1
IN0325,3,1
IN0327,3,1
IN0328,3,1
IN0608,1,1
IN0714,2,2
IN0856,3,2
IN1037,3,2
IN1114,3,1
IN1149,2,2
IN1152,1,3
IN1154,1,3
IN1166,1,2
IN1168,1,1
IN1170,1,2
IN1212,2,2
IN1213,2,2
IN1483,1,3
IN1588,1,3
IN1617,1,2
IN1621,1,3
IN1805,1,3
IN1806,1,3
IN1808,1,2
IN1821,2,2
IN1844,1,3
IN1850,1,3
IN1852,2,2
IN1857,3,1
IN1875,1,3
IN1884,1,3
IN1897,1,3
IN1899,1,3
IN1904,1,3
IN1914,2,2
IN1925,1,3
IN1926,2,3
IN1933,1,3
IN1934,2,2
IN1953,1,2
IN1955,1,3
IN1957,1,2
IN1960,1,3
IN1962,2,3
IN1963,2,3
IN1964,1,3
IN1984,1,3
IN1986,3,1
IN1989,1,3
IN1990,1,2
IN1991,1,3
IN1992,1,2
IN1993,1,3
IN1994,3,2
IN2063,3,1
IN2324,3,3
IN2362,3,1
IN2387,1,3
IN2388,1,2
IN2430,1,3
IN2431,1,3
IN2613,3,1
IN2614,1,3
IN2722,2,2
IN2796,1,2
IN2797,3,2
IN2798,3,1
IN2830,3,1
IN2881,1,2
IN2920,1,3
IN2924,1,3
IN2931,3,1
IN2932,2,1
IN2943,1,3
IN2956,3,1
IN2968,1,3
IN2987,2,3
IN3045,3,1
IN3065,3,1
IN3066,2,1
IN3068,3,1
IN3142,3,1
IN3182,1,3
IN3195,1,3
IN3352,1,3
IN3363,2,1
IN3437,2,1
IN3442,2,1
IN3466,3,1
IN3518,2,3
IN3609,1,1
IN3636,1,2
IN3637,2,1
IN3638,2,2
IN3639,3,1
IN3640,2,1
IN3641,2,1
IN3642,2,1
IN3643,2,1
IN3644,2,1
IN3645,1,2
IN3646,2,2
IN3647,2,1
IN3648,2,1
IN3649,3,1
IN3667,1,3
IN3703,1,3
IN3704,1,3
IN3722,2,2
IN3858,1,3
IN3893,2,1
IN3895,3,1
IN3897,1,1
IN4371,2,1
IN4462,3,2
IN4481,1,2
IN4486,3,1
IN4592,3,1
IN4932,2,1
IN4933,1,3
IN5032,3,1
IN5097,1,2
IN5123,2,2
IN5193,1,3
IN5194,3,1
IN5241,2,1
IN5264,2,2
IN5403,1,2
IN5451,1,3
IN5452,3,1
IN5461,1,3
IN5510,2,1
IN5562,1,1
IN5608,1,3
IN5616,1,3
IN5617,1,3
IN5619,1,3
IN5628,3,2
IN5727,2,1
IN5753,2,1
IN5787,3,1
IN5804,3,1
IN5978,2,2
IN5999,2,3
IN6000,1,1
IN6001,1,2
IN6039,1,3
IN6040,1,3
IN6059,1,2
IN6091,1,3
IN6106,3,1
IN6165,3,1
IN6195,1,3
IN6247,1,3
IN6360,1,3
IN6385,1,2
IN6386,1,3
IN6391,1,3
IN6454,2,1
IN6575,3,2
IN6577,2,2
IN6578,1,3
IN6588,1,2
IN6589,1,3
IN6591,3,2
IN6593,1,3
IN6594,1,3
IN6606,1,3
IN6607,1,2
IN6609,1,3
IN6610,2,3
IN6611,1,3
IN6617,1,2
IN6618,1,3
IN6619,1,2
IN6623,1,2
IN6625,2,3
IN6626,2,2
IN6627,1,2
IN6628,1,3
IN6631,1,3
IN6632,1,2
IN6633,1,3
IN6637,3,1
IN6638,1,3
IN6642,2,2
IN6673,2,1
IN6676,1,3
IN6681,1,3
IN6708,1,3
IN6728,1,2
IN6733,2,2
IN6736,1,3
IN6748,3,1
IN6749,3,1
IN6769,2,3
IN6778,2,1
IN6781,1,2
IN6850,3,1
IN6861,3,1
IN6906,1,3
IN6918,1,2
IN7002,1,3
IN7005,3,3
IN7015,1,3
IN7016,2,2
IN7019,1,3
IN7031,3,1
IN7107,1,2
IN7139,1,3
IN7174,2,1
IN7200,1,3
IN7201,1,2
IN7301,3,1
IN7302,3,1
IN7353,1,2
IN7354,3,1
IN7355,1,3
IN7360,2,2
IN7361,1,2
IN7363,3,2
IN7368,3,1
IN7373,2,2
IN7374,1,3
IN7375,3,1
IN7403,1,2
IN7406,2,2
IN7408,1,1
IN7427,3,1
IN7429,3,1
IN7472,3,1
IN7478,1,2
IN7479,1,2
IN7480,2,2
IN7511,2,3
IN7520,1,3
IN7708,3,1
IN8089,2,1
IN8090,1,2
IN8091,1,2
IN8694,1,2
IN8719,1,2
IN8720,3,2
IN8729,1,2
IN8853,2,2
IN8860,2,3
IN8968,1,2
IN9090,1,3
IN9251,1,3
IN9267,1,3
IN9268,1,3
IN9270,1,3
IN9273,1,3
IN9274,1,3
IN9275,3,1
IN9278,3,2
IN9285,1,2
KS0001,3,1
KY0001,3,1
KY0002,3,3
KY0003,3,3
KY0004,2,3
KY0005,3,1
KY0006,3,1
KY0007,1,3
KY0008,1,3
KY0012,1,2
KY1026,3,3
KY1030,1,3
KY1032,1,3
KY1176,1,3
KY1180,1,3
KY1565,1,3
KY1566,1,2
KY1647,2,2
KY2281,1,3
KY2333,1,3
KY2372,2,2
KY2515,2,2
KY2527,1,1
KY2535,1,3
KY2537,2,3
KY2555,1,2
KY2622,1,3
KY2895,1,2
KY2896,1,2
KY2945,1,1
KY2946,1,3
KY3344,3,2
KY3381,2,3
KY3941,3,1
KY4069,1,3
KY6202,1,3
KY6203,1,3
KY6209,2,1
KY6211,2,2
KY6212,1,3
KY6217,1,2
KY6221,1,3
KY6242,1,2
KY6250,3,3
KY6275,2,3
KY6293,3,2
KY6297,3,3
KY6299,2,1
KY6302,1,2
KY6303,3,1
KY6403,1,3
KY6501,2,3
KY6507,1,3
KY6510,1,3
KY6514,1,3
KY6521,1,2
KY6522,3,1
KY6577,1,2
KY6581,1,2
KY6582,1,3
KY6586,2,2
KY7818,1,2
LA0003,1,3
LA0005,2,3
LA0006,2,1
LA0007,3,1
LA0008,2,1
LA0009,2,1
LA0010,2,1
LA0011,2,1
LA0012,1,1
LA0013,3,1
LA0014,2,1
LA0015,1,2
LA0016,1,2
LA0017,2,1
LA0018,2,1
LA0019,2,2
LA0021,2,2
LA0023,3,1
LA0024,3,1
LA0025,1,2
LA0026,2,1
LA0027,2,1
LA0028,2,2
LA0029,3,1
LA0030,2,1
LA0031,1,1
LA0032,2,1
LA0034,2,1
LA0035,3,1
LA0036,2,1
LA0037,1,1
LA0038,1,1
LA0039,3,1
LA0040,3,1
LA0041,2,1
LA0042,2,2
LA0043,1,1
LA0044,2,1
LA0045,3,1
LA0046,2,2
LA0047,3,1
LA0048,3,1
LA0049,3,1
LA0050,2,2
LA0051,3,1
LA0052,3,1
LA0053,3,1
LA0054,3,1
LA0055,3,1
LA0056,1,1
LA0057,2,2
LA0058,3,2
LA0059,2,1
LA0064,2,1
LA0065,3,1
LA0066,2,1
LA0067,3,1
LA0068,2,1
LA0069,2,1
LA0070,2,1
LA0072,2,1
LA0073,2,1
LA0074,2,3
LA0077,3,1
LA0078,1,3
LA0081,2,1
LA0082,2,1
LA0083,1,1
LA0084,3,1
LA0085,2,2
LA0087,2,3
LA0088,3,2
LA0089,2,1
LA0093,2,3
LA0094,3,3
LA0095,2,3
LA0096,1,3
LA0097,1,3
LA0099,1,3
LA0100,2,1
LA0103,1,3
LA0104,1,3
LA0110,1,3
LA0112,1,3
LA0115,1,2
LA0116,2,1
LA0117,1,1
LA0118,3,2
LA0121,3,2
LA0122,3,1
LA0123,1,2
LA0124,2,1
LA0125,3,2
LA0126,3,1
LA0127,1,1
LA0128,1,3
LA0130,2,3
LA0133,3,1
LA0134,1,2
LA0135,2,1
LA0136,2,2
LA0137,3,2
LA0138,3,1
LA0139,2,1
LA0140,1,1
LA0141,2,2
LA0143,2,3
LA0146,2,3
LA0147,1,3
LA0148,2,3
LA0149,2,3
LA0151,1,3
LA0152,1,3
LA0154,1,1
LA0155,1,1
LA0156,3,1
LA0157,2,2
LA0158,2,1
LA0159,2,1
LA0161,1,3
LA0162,2,1
LA0163,1,1
LA0164,2,1
LA0165,2,2
LA0166,2,1
LA0167,1,1
LA0168,2,2
LA0169,1,3
LA0170,1,1
LA0171,2,3
LA0172,2,1
LA0175,1,1
LA0176,2,2
LA0177,1,3
LA0178,2,3
LA0179,2,2
LA0193,1,2
LA0197,2,2
LA0204,1,3
LA0208,1,3
LA0211,3,3
LA0212,2,2
LA0215,1,3
LA0217,1,2
LA0218,1,2
LA0220,1,2
LA0221,1,3
LA0229,1,2
LA0236,1,3
LA0245,1,2
LA0246,1,2
LA0257,2,3
LA0258,1,2
LA0262,1,2
LA0263,2,3
LA0267,1,2
LA0268,2,1
LA0269,1,2
LA0310,2,2
LA0313,2,2
LA0314,2,3
LA0315,2,1
LA0601,1,3
LA0620,2,3
LA0703,2,3
LA0705,3,1
LA0706,1,3
LA0711,1,3
LA0716,1,3
LA0722,1,2
LA0723,1,3
LA0831,1,3
LA0904,1,3
LA0915,2,3
LA0952,2,2
LA1109,1,3
LA1132,1,1
LA1194,3,1
LA1205,1,2
LA1213,2,3
LA1214,2,3
LA1215,3,1
LA1227,3,3
LA1229,2,3
LA1230,1,3
LA1231,1,3
LA1232,1,3
LA1233,1,3
LA1235,1,3
LA1236,1,3
LA1243,3,2
LA1245,2,3
LA1258,2,3
LA1274,1,2
LA1277,1,3
LA1279,1,3
LA1283,3,3
LA1285,1,3
LA1298,1,2
LA1304,3,1
LA1307,2,3
LA1309,1,3
LA1325,2,3
LA1403,2,3
LA1455,1,3
LA1502,3,2
LA1511,2,1
LA1516,3,1
LA1520,2,3
LA1521,1,3
LA1528,1,3
LA1535,2,1
LA1539,1,3
LA1553,2,3
LA1604,2,3
LA1610,1,3
LA1614,1,3
LA1707,1,3
LA1717,2,2
LA1722,1,3
LA1725,1,3
LA1728,3,1
LA1793,1,3
LA1795,1,3
LA1797,1,3
LA1834,1,3
LA1978,1,3
LA1979,1,3
LA1980,1,3
LA2012,2,1
LA2128,1,3
LA2137,1,3
LA2138,1,3
LA2139,2,2
LA2140,1,3
LA2141,1,3
LA2142,1,3
LA2143,2,3
LA2144,2,2
LA2149,1,3
LA2151,1,3
LA2152,1,3
LA2158,2,3
LA2160,2,3
LA2218,1,3
LA2219,1,3
LA2222,3,1
LA2240,3,1
LA2314,2,3
LA2318,1,3
LA2469,1,2
LA2500,3,1
LA2501,3,1
LA2513,1,3
LA2557,3,1
LA2561,1,3
LA2564,1,3
LA2566,1,3
LA2567,2,1
LA2568,1,3
LA2569,1,3
LA2570,1,3
LA2576,3,1
LA2580,1,3
LA2582,2,3
LA2583,2,3
LA2584,2,1
LA2593,1,3
LA2640,2,2
LA2728,2,1
LA2964,1,3
LA2972,1,2
LA2995,3,1
LA3024,3,2
LA3047,2,1
LA3199,2,2
LA3558,2,2
LA3650,1,2
LA3675,1,2
LA3676,1,2
LA3737,1,1
LA3751,2,3
LA3752,2,3
LA3753,3,2
LA3760,2,3
LA3761,3,3
LA3764,1,1
LA3831,1,3
LA3889,2,2
LA3918,1,3
LA4007,2,1
LA4134,2,2
LA4140,2,2
LA4158,2,1
LA5040,3,3
LA5230,2,3
LA5358,2,2
LA5382,1,1
LA5472,1,2
LA5551,1,2
LA5633,1,2
LA6027,3,3
LA6028,2,1
LA6448,2,1
LA6660,1,3
LA6672,1,2
LA6688,3,3
LA6689,3,1
LA7004,3,1
LA7009,1,3
LA7010,1,3
LA7014,1,2
LA7036,1,3
LA7261,1,2
LA7415,2,2
LA7426,3,2
LA7440,3,1
LA8581,1,3
LA9182,2,1
LA9255,2,2
MA0002,1,2
MA0003,1,1
MA0004,2,1
MA0005,1,2
MA0006,2,1
MA0007,1,2
MA0008,1,2
MA0009,1,2
MA0010,1,2
MA0011,1,3
MI0004,1,3
MI0005,1,3
MI0006,1,3
MI0007,1,3
MI0008,1,3
MI0009,1,3
MI0010,1,3
MI0011,1,2
MI0012,1,3
MI0014,1,3
MI0016,1,3
MI0017,1,3
MI0018,1,3
MI0020,1,3
MI0022,1,3
MI0023,1,2
MI0027,2,2
MI0029,2,2
MI0030,1,3
MI0031,1,3
MI0032,1,3
MI0033,1,2
MI0035,1,2
MI0036,3,1
MI0038,3,1
MI0041,1,3
MI0042,1,2
MI0044,1,3
MI0045,1,3
MI0047,1,2
MI0048,1,2
MI0049,3,1
MI0054,1,3
MI0061,3,1
MI0063,1,3
MI0069,3,2
MI0070,3,1
MI0090,1,3
MI0104,1,3
MI0115,1,3
MI0117,2,3
MI0118,1,2
MI0119,3,1
MI0120,1,3
MI0127,3,1
MI0128,3,1
MI0129,2,1
MI0130,1,2
MI0131,2,1
MI0132,1,1
MI0133,2,1
MI0134,1,1
MI0137,3,3
MI0138,2,3
MI0139,2,3
MI0141,1,3
MI0152,2,3
MI0163,1,2
MI0164,1,2
MI0165,1,1
MI0166,1,1
MI0167,1,2
MI0168,1,2
MI0169,1,1
MI0170,2,1
MI0171,3,2
MI0172,1,2
MI0173,2,1
MI0174,2,1
MI0175,2,1
MI0176,1,3
MI0182,3,1
MI0183,1,2
MI0186,1,3
MI0187,1,3
MI0189,2,3
MI0190,1,3
MI0191,2,3
MI0197,1,3
MI0198,1,3
MI0200,2,2
MI0208,1,3
MI0216,1,3
MI0222,1,3
MI0231,3,1
MI0232,1,2
MI0233,1,3
MI0241,1,3
MI0242,2,3
MI0243,2,3
MI0245,1,3
MI0246,1,3
MI0247,1,3
MI0251,1,3
MI0254,1,3
MI0255,1,2
MI0256,2,3
MI0258,2,2
MI0260,1,3
MI0261,2,2
MI0263,1,3
MI0264,1,3
MI0265,1,2
MI0267,2,2
MI0278,3,1
MI0286,1,3
MI0292,2,1
MI0296,1,2
MI0307,1,3
MI0322,1,3
MI0325,1,2
MI0348,1,3
MI0351,1,3
MI0366,1,2
MI0367,1,3
MI0373,1,3
MI0377,1,3
MI0378,1,3
MI0382,1,3
MI0387,1,3
MI0390,1,3
MI0391,1,3
MI0403,1,3
MI0404,1,3
MI0410,1,3
MI0411,1,3
MI0422,1,3
MI0427,1,3
MI0448,1,3
MI0452,1,3
MI0463,1,3
MI0464,1,3
MI0466,1,3
MI0467,1,3
MI0487,1,3
MI0524,2,3
MI0526,1,3
MI0527,1,3
MI0547,1,3
MI0554,1,3
MI0559,1,3
MI0560,1,3
MI0568,1,3
MI0571,1,2
MI0573,3,1
MI0575,1,3
MI0577,1,3
MI0578,1,3
MI0584,1,3
MI0585,1,3
MI0590,1,3
MI0593,1,3
MI0604,1,3
MI0610,1,2
MI0624,1,3
MI0626,2,2
MI0629,3,3
MI0636,1,3
MI0644,1,3
MI0646,1,3
MI0647,1,3
MI0667,1,3
MI0670,1,3
MI0675,1,3
MI0684,1,3
MI0688,2,3
MI0690,1,3
MI0702,1,3
MI0709,1,3
MI0710,1,3
MI0713,1,3
MI0724,1,3
MI0731,1,3
MI0741,3,1
MI0745,1,3
MI0765,1,3
MI0766,1,3
MI0778,1,2
MI0782,1,3
MI0783,1,3
MI0787,1,3
MI0795,1,3
MI0796,2,3
MI0797,1,3
MI0798,1,2
MI0833,1,2
MI0846,1,3
MI0847,1,3
MI0856,1,2
MI0883,3,2
MI0982,1,3
MI0988,1,3
MI0994,1,2
MI1003,3,3
MI1029,1,2
MI1041,1,2
MI1042,1,3
MI1044,1,3
MI1047,1,2
MI1052,1,2
MI1054,1,3
MI1063,2,2
MI1064,3,3
MI1066,1,3
MI1072,1,3
MI1073,1,3
MI1074,1,3
MI1078,2,3
MI1080,1,3
MI1081,1,2
MI1082,3,1
MI1084,1,3
MI1086,1,2
MI1089,1,2
MI1093,1,3
MI1096,3,3
MI1097,1,3
MI1114,1,2
MI1115,1,3
MI1116,2,3
MI1117,1,3
MI1122,1,2
MI1129,1,3
MI1132,1,3
MI1134,1,3
MI1152,1,2
MI1158,3,1
MI1159,1,2
MI1162,1,3
MI1163,1,3
MI1172,1,3
MI1181,1,3
MI1182,1,2
MI1186,3,1
MI1195,1,2
MI1196,1,3
MI1218,1,2
MI1249,1,3
MI1255,3,2
MI1260,2,1
MI1261,1,2
MI1266,1,3
MI1267,3,1
MI1269,1,3
MI1270,1,3
MI1271,1,3
MI1330,1,3
MI1332,2,2
MI1333,1,3
MI1334,1,2
MI1335,1,3
MI1336,1,2
MI1337,1,3
MI1343,2,1
MI1434,1,3
MI1435,1,3
MI1438,1,3
MI1572,1,2
MI1593,1,3
MI1598,1,3
MI1663,1,3
MI1666,1,3
MI1667,3,1
MI1677,1,3
MI1687,1,3
MI1689,1,3
MI1693,3,1
MI1694,1,3
MI1697,2,1
MI1698,3,1
MI1832,1,3
MI1833,1,3
MI1851,3,2
MI1873,2,2
MI1876,1,2
MI1878,1,2
MI1883,1,2
MI1885,1,2
MI1897,2,3
MI1900,1,3
MI1901,1,3
MI1945,2,3
MI1951,2,3
MI1966,1,3
MI1967,1,3
MI2135,1,3
MI2410,1,3
MI2554,1,3
MI2682,1,2
MI2885,1,3
MI2922,1,3
MI2947,1,3
MI2974,1,3
MI2975,1,3
MI2976,1,3
MI2977,1,3
MI2979,1,3
MI3383,1,1
MI3654,1,2
MI3655,1,3
MI3657,1,2
MI3658,1,2
MI3659,1,3
MI3660,1,2
MI3662,1,2
MI3663,2,2
MI3664,1,2
MI3697,1,2
MI3702,1,3
MI3807,1,3
MI3825,1,3
MI3826,1,2
MI3829,1,2
MI3845,1,3
MI3864,1,2
MI3881,1,3
MI4041,1,3
MI4070,1,3
MI4084,1,2
MI4478,1,3
MI4958,1,1
MI4959,1,2
MI4960,1,2
MI4961,1,2
MI4962,1,3
MI4963,1,2
MI4964,1,2
MI4965,1,2
MI4966,1,2
MI4967,1,3
MI4968,1,1
MI4969,1,2
MI4970,1,2
MI4971,1,2
MI5455,1,3
MI5457,1,3
MI5458,1,3
MI5460,1,3
MI5462,1,3
MI5463,1,3
MI7185,1,2
MI8601,2,3
MI8602,2,3
MI8603,1,3
MI8604,1,2
MI8606,1,2
MI8982,2,3
MI8983,2,3
MI8984,2,3
MI8986,2,3
MI8987,1,3
MI8988,2,2
MI8990,1,3
MI8992,3,3
MI8993,3,3
MI8994,1,3
MI8995,1,3
MI8996,1,3
MI8998,1,3
MI9164,1,3
MI9165,1,2
MI9166,1,2
MI9173,1,3
MI9179,1,3
MI9180,1,3
MI9282,2,2
MO0870,3,1
NJ0001,1,3
NJ0002,1,3
NJ0003,1,2
NJ0005,2,1
NJ0006,1,2
NJ0007,2,1
NJ0008,2,2
NJ0009,2,1
NJ0010,3,2
NJ0014,1,3
NJ0015,2,2
NJ0017,1,2
NJ0019,1,3
NJ0024,1,3
NJ0025,2,1
NJ0026,1,2
NJ0037,1,3
NJ0038,1,2
NJ0040,1,3
NJ0043,3,1
NJ0046,1,2
NJ0047,3,1
NJ0048,3,1
NJ0050,1,1
NJ0053,2,1
NJ0054,1,1
NJ0055,2,2
NJ0056,3,1
NJ0057,3,1
NJ0058,2,1
NJ0059,1,2
NJ0064,1,3
NJ0067,3,1
NJ0069,1,2
NJ0076,3,1
NJ0090,3,1
NJ0092,3,1
NJ0093,2,1
NJ0094,1,2
NJ0096,1,2
NJ0102,1,2
NJ0106,1,3
NJ0107,1,2
NJ0108,2,1
NJ0117,3,1
NJ0126,3,1
NJ0128,3,1
NJ0132,3,1
NJ0133,3,1
NJ0134,3,1
NJ0135,3,1
NJ0136,3,1
NJ0137,3,1
NJ0138,3,1
NJ0139,1,2
NJ0141,2,2
NJ0143,3,1
NJ0149,3,1
NJ0159,1,3
NJ0171,1,3
NJ0201,2,1
NJ0215,3,1
NJ0220,3,1
NJ0224,3,1
NJ0237,3,1
NJ0245,3,1
NJ0249,3,1
NJ0254,1,3
NJ0304,3,1
NJ0320,3,1
NJ0334,3,1
NJ0347,3,1
NJ0351,1,3
NJ0591,1,2
NJ1970,1,2
NJ4508,1,2
NJ4536,1,3
NJ4537,1,3
NJ4610,1,3
NJ4644,1,3
NJ4645,1,2
NJ4646,1,3
NJ4691,1,3
NJ4700,1,2
NJ4709,1,3
NJ4821,1,3
NJ4890,1,2
NJ4921,1,3
NJ5201,1,3
NJ6145,1,3
NJ7001,3,1
NJ7011,2,3
NJ7021,3,1
NJ7031,3,1
NJ7041,3,1
NJ7042,3,1
NJ7061,2,2
NJ7071,1,3
NJ7081,2,1
NJ7091,3,1
NJ7111,1,3
NJ7121,1,2
NJ7131,1,3
NJ7140,2,2
NJ7141,1,3
NJ7151,1,3
NJ7161,1,3
NJ7171,1,3
NJ7181,1,3
NJ7191,1,3
NJ7201,1,2
NJ7211,1,3
NJ7221,1,3
NJ7231,1,3
NJ7251,1,3
NJ7261,1,3
NJ7281,1,3
NJ7291,1,2
NJ7292,1,2
NJ7651,1,3
NJ7661,1,3
NJ7671,1,3
NJ7681,3,2
NJ7691,1,3
NJ7701,1,2
NJ7741,3,3
NJ7742,2,3
NJ7743,3,3
NJ7744,3,3
NJ7745,2,3
NJ7746,2,3
NJ7751,3,1
NJ7761,1,2
NJ7791,1,3
NJ7811,3,1
NJ7812,3,1
NJ7821,1,3
NJ7831,1,3
NJ7851,3,1
NJ7871,1,3
NJ7881,1,3
NJ7891,1,3
NJ7901,1,3
NJ7921,1,3
NJ7931,1,3
NJ7951,1,3
NJ8511,1,3
NJ9001,3,1
NJ9011,3,1
NJ9012,3,1
NJ9071,3,2
NJ9081,3,1
NJ9113,3,1
NJ9121,3,1
NJ9831,2,2
NJ9841,1,3
NJ9851,3,1
NJ9861,3,1
NJ9871,3,1
NV0002,1,3
NV0017,1,3
NV0019,1,2
NV0020,2,3
NV0021,1,3
NV0024,1,3
NV0026,2,3
NV0027,1,3
NV0028,1,3
NV0030,1,2
NV0031,1,3
NV0033,2,1
NV0034,1,3
NV0036,1,3
NV0038,1,3
NV0040,1,2
NV0042,1,3
NV0043,2,1
NV0044,2,1
NV0045,3,1
NV0046,3,1
NV0047,2,1
NV0048,2,2
NV0049,2,1
NV0050,2,1
NV0051,3,1
NV0052,2,1
NV0053,1,1
NV0054,3,1
NV0055,2,2
NV0056,1,2
NV0057,1,2
NV0058,2,1
NV0059,2,1
NV0060,2,2
NV0061,2,1
NV0062,2,2
NV0065,1,1
NV0066,3,1
NV0067,2,1
NV0070,1,1
NV0071,2,2
NV0072,1,2
NV0075,3,1
NV0076,2,1
NV0078,3,1
NV0080,3,1
NV0082,2,1
NV0084,3,1
NV0087,2,1
NV0089,2,1
NV0095,3,1
NV0096,1,3
NV0097,1,3
NV0099,3,1
NV0100,1,1
NV0101,1,3
NV0102,2,1
NV0106,2,1
NV0107,1,3
NV0114,1,2
NV0115,1,3
NV0117,2,2
NV0118,1,1
NV0122,1,3
NV0124,1,2
NV0136,2,2
NV0137,1,3
NV0156,2,1
NV0158,3,1
NV0159,2,2
NV0160,2,1
NV0161,2,1
NV0162,2,1
NV0488,1,3
NV1099,2,1
NV7012,1,2
NV7056,1,2
NV7112,1,3
NV7140,1,2
NV7180,2,1
NV7185,1,3
NV7389,1,3
NV7405,1,2
NV7651,1,3
NV7652,1,3
NV7837,1,3
NV7841,1,3
NV7843,1,3
NV7844,1,2
NV7853,1,3
NV7854,1,2
NV8208,1,3
NV8259,1,2
NV8509,1,3
NV8528,1,3
NV8837,1,3
NY0001,1,2
NY0002,1,3
NY0003,1,3
NY0004,1,3
NY0005,1,3
NY0006,1,2
NY0010,1,3
NY0019,1,3
NY0020,1,3
NY0037,1,3
NY0038,1,2
NY0039,3,2
NY0040,3,3
NY0041,1,3
NY0042,1,3
NY0043,1,3
NY0056,1,3
NY0057,1,3
NY0058,1,3
NY0059,2,3
NY0064,1,3
NY0065,3,2
NY0066,2,3
NY0067,1,3
NY0068,2,2
NY0069,3,2
NY0080,1,3
NY0082,1,3
NY0083,2,3
NY0084,1,3
NY0085,1,3
NY0086,1,3
NY0087,1,3
NY0088,1,3
NY0089,1,2
NY0090,1,3
NY0091,1,3
NY0092,1,3
NY0093,1,2
NY0094,2,2
NY0095,1,2
NY0096,1,3
NY0097,1,3
NY0099,1,3
NY0100,1,3
NY0114,1,3
NY0116,3,1
NY0117,1,2
NY0118,1,1
NY0120,2,1
NY0131,2,2
NY0132,2,2
NY0133,1,3
NY0134,1,3
NY0135,1,3
NY0136,1,3
NY0137,1,2
NY0152,2,1
NY0153,1,2
NY0154,3,1
NY0155,1,2
NY0156,1,3
NY0160,2,1
NY0161,2,2
NY0162,2,2
NY0163,2,3
NY0164,2,2
NY0165,2,2
NY0168,2,3
NY0169,3,3
NY0171,1,2
NY0172,1,2
NY0173,1,2
NY0174,2,2
NY0181,1,3
NY0182,1,3
NY0183,1,3
NY0184,1,3
NY0185,1,3
NY0186,1,3
NY0187,1,3
NY0188,1,3
NY0189,1,3
NY0190,1,3
NY0214,1,3
NY0215,2,2
NY0216,1,1
NY0217,1,1
NY0218,1,2
NY0219,1,3
NY0220,1,3
NY0227,1,3
NY0228,1,3
NY0231,1,3
NY0232,1,3
NY0233,1,3
NY0234,1,2
NY0235,1,2
NY0236,2,3
NY0237,1,2
NY0238,1,3
NY0239,1,3
NY0250,1,3
NY0255,1,3
NY0256,1,3
NY0257,1,3
NY0258,1,3
NY0259,1,3
NY0260,3,2
NY0280,1,3
NY0284,1,3
NY0287,3,3
NY0288,3,1
NY0289,1,3
NY0299,2,1
NY0300,2,1
NY0301,2,2
NY0302,1,3
NY0303,1,3
NY0304,1,3
NY0305,1,3
NY0306,1,3
NY0328,3,3
NY0329,3,3
NY0330,2,3
NY0337,1,3
NY0350,1,3
NY0355,1,3
NY0365,1,3
NY0366,2,3
NY0367,1,3
NY0369,3,1
NY0379,1,2
NY0380,1,2
NY0381,1,3
NY0382,1,3
NY0383,1,3
NY0384,1,2
NY0388,1,2
NY0389,1,2
NY0391,1,3
NY0392,2,3
NY0393,2,3
NY0417,1,2
NY0424,1,3
NY0425,2,3
NY0438,1,3
NY0451,1,3
NY0452,1,3
NY0453,1,3
NY0454,2,3
NY0455,1,3
NY0456,1,3
NY0458,3,1
NY0459,1,2
NY0460,3,1
NY0471,2,3
NY0472,1,3
NY0473,2,3
NY0474,2,3
NY0475,2,3
NY0478,1,3
NY0481,1,2
NY0482,2,2
NY0483,1,3
NY0484,1,3
NY0485,2,2
NY0486,3,1
NY0488,2,3
NY0491,2,2
NY0492,1,3
NY0493,2,3
NY0494,1,3
NY0495,2,2
NY0496,2,2
NY0497,2,2
NY0499,1,3
NY0506,1,3
NY0507,1,3
NY0508,1,3
NY0509,1,3
NY0510,3,2
NY0511,1,3
NY0512,1,3
NY0513,1,3
NY0514,1,3
NY0515,1,3
NY0516,1,2
NY0517,2,2
NY0518,3,1
NY0523,2,1
NY0538,1,3
NY0539,1,3
NY0540,2,1
NY0541,1,3
NY0542,1,3
NY0543,1,3
NY0544,1,3
NY0549,1,3
NY0550,1,2
NY0559,3,1
NY0560,3,1
NY0563,1,3
NY0564,2,2
NY0565,1,3
NY0566,2,1
NY0567,2,2
NY0569,1,1
NY0570,1,1
NY0590,1,3
NY0601,2,3
NY0602,2,3
NY0603,3,3
NY0604,2,3
NY0605,2,3
NY0606,3,3
NY0607,3,3
NY0608,3,3
NY0609,3,3
NY0610,2,3
NY0619,3,1
NY0620,3,1
NY0626,1,3
NY0627,1,2
NY0629,1,3
NY0631,1,3
NY0632,2,3
NY0633,1,3
NY0634,1,3
NY0635,1,3
NY0636,2,3
NY0645,1,3
NY0646,2,3
NY0651,2,3
NY0652,1,3
NY0653,1,3
NY0665,1,3
NY0666,1,2
NY0667,1,3
NY0671,1,2
NY0672,2,2
NY0673,1,3
NY0674,1,3
NY0675,1,3
NY0676,1,3
NY0677,2,3
NY0678,1,3
NY0680,2,3
NY0683,1,2
NY0685,1,2
NY0687,1,3
NY0688,1,3
NY0689,2,2
NY0697,2,3
NY0698,2,3
NY0699,3,1
NY0700,3,1
NY0701,1,3
NY0702,1,3
NY0703,1,3
NY0704,1,3
NY0705,1,3
NY0706,1,3
NY0707,1,1
NY0708,1,3
NY0709,1,3
NY0719,1,3
NY0723,3,3
NY0724,2,3
NY0725,2,3
NY0731,1,3
NY0732,1,3
NY0733,1,3
NY0734,1,3
NY0735,1,3
NY0736,2,2
NY0737,2,2
NY0741,1,3
NY0742,1,3
NY0743,1,3
NY0744,1,3
NY0745,1,3
NY0746,2,2
NY0751,1,3
NY0752,1,3
NY0753,2,2
NY0758,1,3
NY0759,2,2
NY0760,2,2
NY0779,1,3
NY0785,1,2
NY0795,2,2
NY0838,1,3
NY0845,1,2
NY0859,2,3
NY0861,1,3
NY0862,1,3
NY0863,1,3
NY0864,1,3
NY0865,1,3
NY0866,2,2
NY0867,2,2
NY0868,2,2
NY0873,3,1
NY0874,3,1
NY0875,3,1
NY0876,3,1
NY0877,3,1
NY0878,3,1
NY0879,3,2
NY0881,1,2
NY0882,1,2
NY0883,1,2
NY0884,2,2
NY0885,2,2
NY0886,1,3
NY0887,2,2
NY0889,2,2
NY0890,2,2
NY0901,3,2
NY0902,3,2
NY0903,2,2
NY0904,3,1
NY0905,2,1
NY0909,3,2
NY0911,2,3
NY0912,2,3
NY0913,1,3
NY0914,1,3
NY0915,1,3
NY0922,3,1
NY0963,1,3
NY0971,1,2
NY0972,1,3
NY0973,1,3
NY0974,1,3
NY0975,2,1
NY0976,1,2
NY1050,1,3
NY1142,1,3
NY1223,2,1
NY1224,1,2
NY1231,2,3
NY1232,1,3
NY1233,1,3
NY1234,2,3
NY1235,2,3
NY1311,2,3
NY1312,2,3
NY1313,2,3
NY1314,2,3
NY1315,3,2
NY1316,3,1
NY1317,3,1
NY1431,1,3
NY1432,1,3
NY1433,1,3
NY1434,1,3
NY1448,1,3
NY1468,1,3
NY1469,2,2
NY1470,2,3
NY1471,1,3
NY1582,1,3
NY1642,1,3
NY1691,1,2
NY1732,1,3
NY1882,1,3
NY1920,3,1
NY1941,2,3
NY1942,2,3
NY1943,2,3
NY1944,2,3
NY1945,1,3
NY1946,3,3
NY1947,1,3
NY1948,1,3
NY2010,3,1
NY2011,1,3
NY2071,1,3
NY2082,1,3
NY2112,1,3
NY2151,1,3
NY2152,1,3
NY2153,1,3
NY2154,2,3
NY2156,3,3
NY2158,3,3
NY2221,1,3
NY2222,1,3
NY2280,1,3
NY2281,1,3
NY2321,3,2
NY2322,3,2
NY2323,3,2
NY2326,2,2
NY2327,2,2
NY2328,3,2
NY2331,1,3
NY2361,1,2
NY2371,1,3
NY2372,1,3
NY2373,1,3
NY2431,2,2
NY2432,1,2
NY2454,2,2
NY2455,1,3
NY2456,2,2
NY2457,2,2
NY2458,3,2
NY2459,2,2
NY2521,2,3
NY2522,3,3
NY2523,1,3
NY2524,1,3
NY2525,2,3
NY2541,1,3
NY2542,1,3
NY2543,1,3
NY2544,2,3
NY2561,2,2
NY2562,1,2
NY2563,1,3
NY2564,1,3
NY2565,1,3
NY2566,1,3
NY2567,1,3
NY2568,2,2
NY2569,1,2
NY2581,1,3
NY2582,1,3
NY2583,1,3
NY2601,1,3
NY2602,1,3
NY2603,2,3
NY2604,1,3
NY2605,1,3
NY2606,3,1
NY2607,3,1
NY2608,3,1
NY2609,3,1
NY2611,1,3
NY2612,1,3
NY2613,2,3
NY2614,1,3
NY2615,1,3
NY2621,2,2
NY2622,1,3
NY2623,1,3
NY2624,1,3
NY2625,1,2
NY2626,2,2
NY2627,2,3
NY2628,2,3
NY2629,1,3
NY2630,2,3
NY2641,1,3
NY2642,1,3
NY2643,1,3
NY2644,2,2
NY2645,1,3
NY2648,1,2
NY2652,1,3
NY2702,1,3
NY2711,1,3
NY2712,1,3
NY2713,1,3
NY2714,1,2
NY2715,2,2
NY2750,3,1
NY2751,1,3
NY2802,1,2
NY2803,1,2
NY2804,1,2
NY2805,1,3
NY2806,1,3
NY2807,1,3
NY2811,1,3
NY2812,1,3
NY2813,1,3
NY2814,1,2
NY2815,1,3
NY2841,1,3
NY2842,2,3
NY2843,1,3
NY2844,1,3
NY2845,1,3
NY2846,1,3
NY2847,1,3
NY2848,1,3
NY2849,1,3
NY2862,1,3
NY2863,1,3
NY2864,1,3
NY2865,1,3
NY2866,1,2
NY2867,1,2
NY2868,1,2
NY2871,1,2
NY2872,1,2
NY2873,1,3
NY2874,1,3
NY2875,1,3
NY2876,1,2
NY2891,2,2
NY2962,1,3
NY2982,1,3
NY3031,2,2
NY3032,2,3
NY3033,1,3
NY3034,1,3
NY3035,2,3
NY3036,1,3
NY3037,3,2
NY3038,3,2
NY3131,1,3
NY3132,2,3
NY3172,1,3
NY3311,1,3
NY3312,2,3
NY3313,1,3
NY3314,1,3
NY3315,1,3
NY3316,3,1
NY3351,1,3
NY3362,1,3
NY3382,1,2
NY3441,2,2
NY3442,2,2
NY3443,1,3
NY3444,1,3
NY3445,1,3
NY3448,1,2
NY3501,1,2
NY3621,1,3
NY3622,1,3
NY3623,1,3
NY3624,1,3
NY3625,1,2
NY3691,1,2
NY3692,1,3
NY3693,1,3
NY3694,1,3
NY3695,1,3
NY3721,1,3
NY3722,1,3
NY3723,1,3
NY3724,1,3
NY3751,1,3
NY3752,1,3
NY3753,1,3
NY3754,1,3
NY3755,1,3
NY3756,1,3
NY3771,1,3
NY3772,1,3
NY3773,1,3
NY3841,1,3
NY3842,2,2
NY3843,3,1
NY3844,1,3
NY3845,1,3
NY3846,2,2
NY3891,1,3
NY3892,1,3
NY3893,1,3
NY4008,1,3
NY4017,3,2
NY4018,3,2
NY4027,2,3
NY4028,2,3
NY4029,2,2
NY4047,1,2
NY4048,2,2
NY4049,2,2
NY4050,2,2
NY4071,2,3
NY4072,1,2
NY4073,3,2
NY4074,3,2
NY4075,1,3
NY4076,1,3
NY4089,1,3
NY4090,1,2
NY4091,1,3
NY4092,2,1
NY4093,1,3
NY4094,1,2
NY4106,3,1
NY4110,1,3
NY4141,1,3
NY4142,1,3
NY4143,1,3
NY4144,3,1
NY4145,1,3
NY4146,2,2
NY4147,3,1
NY4148,2,1
NY4149,1,3
NY4150,2,3
NY4186,1,3
NY4195,2,2
NY4196,1,3
NY4197,1,3
NY4201,1,3
NY4202,1,3
NY4203,1,3
NY4204,1,2
NY4219,1,3
NY4220,1,3
NY4221,1,3
NY4222,1,3
NY4223,1,3
NY4224,1,3
NY4225,1,2
NY4226,3,2
NY4227,2,1
NY4228,3,1
NY4246,2,3
NY4247,1,3
NY4248,2,3
NY4249,1,3
NY4251,3,1
NY4252,2,1
NY4255,1,3
NY4263,1,3
NY4264,1,3
NY4276,1,3
NY4281,2,3
NY4282,1,3
NY4283,2,3
NY4284,1,3
NY4285,1,3
NY4287,1,3
NY4288,1,3
NY4289,2,2
NY4291,3,1
NY4292,1,2
NY4293,1,2
NY4294,1,3
NY4295,1,3
NY4296,1,3
NY4297,2,2
NY4304,1,3
NY4324,2,3
NY4350,1,3
NY4408,1,3
NY4409,1,3
NY4445,1,3
NY4449,1,3
NY4450,1,2
NY4451,1,3
NY4452,1,3
NY4453,1,3
NY4454,1,3
NY4455,1,2
NY4456,2,2
NY4457,2,2
NY4471,1,3
NY4502,3,2
NY4528,1,3
NY4545,1,3
NY4565,1,3
NY4566,1,3
NY4569,1,3
NY4571,1,3
NY4572,1,3
NY4573,1,3
NY4574,1,3
NY4579,1,3
NY4580,1,3
NY4591,1,3
NY4592,2,1
NY4593,1,3
NY4594,1,3
NY4595,3,2
NY4596,2,1
NY4597,2,1
NY4627,1,3
NY4635,2,3
NY4636,2,3
NY4675,1,3
NY4688,1,3
NY4721,1,3
NY4722,1,3
NY4723,1,3
NY4771,1,3
NY4806,1,3
NY4807,2,3
NY4808,1,2
NY4818,1,3
NY4822,1,3
NY4830,1,3
NY4845,1,3
NY4846,2,2
NY4856,1,3
NY4869,1,3
NY4872,1,2
NY4873,1,3
NY4885,1,3
NY4887,1,3
NY4888,1,3
NY4895,1,2
NY4898,1,3
NY4902,1,3
NY4903,1,3
NY4904,1,3
NY4913,1,3
NY4916,1,3
NY4919,1,2
NY4922,1,3
NY4961,1,3
NY5021,1,3
NY5048,1,3
NY5096,3,1
NY5171,1,3
NY5312,1,3
NY5372,1,3
NY5411,1,3
NY5461,1,2
NY5751,1,3
NY5831,1,3
NY5900,1,3
NY5952,1,3
NY6041,2,3
NY6042,1,3
NY6043,1,3
NY6044,1,3
NY6110,1,3
NY6261,1,3
NY6301,1,3
NY6302,1,3
NY6581,1,3
NY6921,1,3
NY6922,1,3
NY6923,1,3
NY7011,2,2
NY7021,2,2
NY7022,2,3
NY7031,1,3
NY7032,1,3
NY7041,1,3
NY7061,3,1
NY7062,3,1
NY7063,3,2
NY7064,3,1
NY7070,1,3
NY7071,2,3
NY7081,3,1
NY7091,3,2
NY7101,1,3
NY7102,1,3
NY7103,1,3
NY7104,1,3
NY7111,3,1
NY7121,1,3
NY7131,2,2
NY7132,2,2
NY7133,2,3
NY7134,3,2
NY7135,2,3
NY7151,1,3
NY7152,1,3
NY7153,1,3
NY7154,1,3
NY7155,1,3
NY7156,1,3
NY7157,1,3
NY7158,1,3
NY7201,2,1
NY7211,1,2
NY7221,1,2
NY7222,1,3
NY7223,1,3
NY7226,2,2
NY7227,2,2
NY7231,1,2
NY7232,2,2
NY7233,1,3
NY7234,1,3
NY7241,3,1
NY7251,3,1
NY7252,3,2
NY7281,2,2
NY7301,1,3
NY7302,1,3
NY7303,1,3
NY7304,1,3
NY7305,1,3
NY7306,1,3
NY7307,1,3
NY7308,1,3
NY7321,2,1
NY7351,3,1
NY7352,3,1
NY7371,3,1
NY7372,1,1
NY7373,1,2
NY7374,1,2
NY7375,1,3
NY7381,1,3
NY7401,1,2
NY7411,1,3
NY7421,2,3
NY7422,1,3
NY7423,1,3
NY7424,2,3
NY7425,2,3
NY7431,1,3
NY7451,2,1
NY7461,3,2
NY7471,1,2
NY7481,1,2
NY7491,1,2
NY7511,2,3
NY7521,2,2
NY7531,1,2
NY7532,1,3
NY7541,1,3
NY7542,2,1
NY7551,3,1
NY7561,3,1
NY7571,3,1
NY7581,1,3
NY7591,1,3
NY7611,1,3
NY7612,1,3
NY7613,2,2
NY7614,2,3
NY7631,1,3
NY7632,1,3
NY7641,1,3
NY7661,1,2
NY7671,1,3
NY7681,1,2
NY7682,1,3
NY7683,2,3
NY7684,1,3
NY7701,3,1
NY7721,1,3
NY7751,1,3
NY7752,2,2
NY7753,2,2
NY7754,3,2
NY7761,3,1
NY7762,2,1
NY7763,1,2
NY7764,1,2
NY7765,3,1
NY7766,3,1
NY7767,3,1
NY7768,3,1
NY7771,2,2
NY7791,1,3
NY7801,1,3
NY7811,1,3
NY7831,1,2
NY7841,3,1
NY7851,1,2
NY7911,1,3
NY7951,1,3
NY7971,2,2
NY7972,2,2
NY7981,1,3
NY7991,3,1
NY7992,3,1
NY8021,3,1
NY8031,3,1
NY8051,2,2
NY8071,1,3
NY8091,1,3
NY8131,1,3
NY8141,1,3
NY8151,1,3
NY8152,2,2
NY8161,2,1
NY8171,3,1
NY8181,1,3
NY8201,2,3
NY8202,2,3
NY8203,1,2
NY8204,1,3
NY8205,1,3
NY8206,1,2
NY8211,1,3
NY8231,1,3
NY8241,1,3
NY8251,1,3
NY8261,1,3
NY8271,1,3
NY8281,1,3
NY8291,1,3
NY8501,1,2
NY8511,1,3
NY8541,1,2
NY8551,2,2
NY8561,3,1
NY8571,2,1
NY8572,1,2
NY8573,1,2
NY8581,2,3
NY8582,1,3
NY8583,2,2
NY8585,2,1
NY8587,1,3
NY8588,1,3
NY8589,1,3
NY8591,1,2
NY8592,1,2
NY8593,1,2
NY8594,1,2
NY8595,2,1
NY8596,1,3
NY8597,1,2
NY8598,1,2
NY8599,1,2
NY8600,1,3
NY8601,1,2
NY8604,1,3
NY8605,1,2
NY8606,1,3
NY8607,1,2
NY8608,1,2
NY8609,1,3
NY8610,2,2
NY8611,1,2
NY8612,1,2
NY8613,1,3
NY8614,2,2
NY8615,3,1
NY8616,1,2
NY8617,1,3
NY8618,1,3
NY8619,2,2
NY8620,1,3
NY8622,1,3
NY8623,2,2
NY8626,1,1
NY8627,3,1
NY8628,2,1
NY8629,2,3
NY8630,1,2
NY8631,2,2
NY8632,1,1
NY8634,1,1
NY8635,1,2
NY8636,1,3
NY8637,1,2
NY8638,1,2
NY8640,1,3
NY8642,1,3
NY8644,2,3
NY8645,1,2
NY8646,1,3
NY8648,1,3
NY8649,1,1
NY8650,1,3
NY8651,1,1
NY8653,1,1
NY8654,1,3
NY8655,1,3
NY8656,1,3
NY8657,1,3
NY8658,1,2
NY8659,1,2
NY8660,1,2
NY8661,1,3
NY8662,2,1
NY8663,1,2
NY8664,1,2
NY8666,1,2
NY8667,1,2
NY8668,1,3
NY8669,2,2
NY8670,1,3
NY8671,1,2
NY8673,2,2
NY8674,3,3
NY8675,2,1
NY8676,1,2
NY8677,2,1
NY8678,2,3
NY8679,2,3
NY8680,1,2
NY8681,2,2
NY8682,1,1
NY8683,2,3
NY8684,1,1
NY8686,1,3
NY8688,1,2
NY8689,2,2
NY8690,1,1
NY8691,1,3
NY8692,1,2
NY8693,1,3
NY8694,2,1
NY8695,1,2
NY8696,2,1
NY8697,1,2
NY8698,1,3
NY8700,1,3
NY8701,2,1
NY8703,1,3
NY8704,3,1
NY8705,1,3
NY8706,1,3
NY8708,2,1
NY8709,1,3
NY8710,2,2
NY8711,1,2
NY8712,1,2
NY8713,1,2
NY8714,1,3
NY8715,1,2
NY8716,2,3
NY8717,1,3
NY8718,1,3
NY8721,2,2
NY8722,1,2
NY8724,2,1
NY8725,1,2
NY8726,1,1
NY8727,1,3
NY8728,1,3
NY8729,2,1
NY8730,1,3
NY8732,1,3
NY8733,1,2
NY8734,2,3
NY8736,1,1
NY8737,1,3
NY8738,1,2
NY8740,1,2
NY8741,1,3
NY8742,1,3
NY8743,1,2
NY8744,1,2
NY8745,2,3
NY8746,2,3
NY8748,2,2
NY8749,1,3
NY8750,1,3
NY8751,1,2
NY8752,2,1
NY8753,1,2
NY8756,1,3
NY8757,1,2
NY8758,1,3
NY8760,1,2
NY8761,1,2
NY8763,1,2
NY8764,2,1
NY8765,1,1
NY8766,1,2
NY8768,1,2
NY8769,3,2
NY8770,1,3
NY8772,2,2
NY8773,1,2
NY8774,2,3
NY8775,1,2
NY8776,1,3
NY8777,2,3
NY8778,1,2
NY8779,1,3
NY8780,2,1
NY8782,1,1
NY8783,1,3
NY8784,2,2
NY8787,1,1
NY8788,3,1
NY8790,1,2
NY8791,1,2
NY8792,1,3
NY8793,1,2
NY8794,1,3
NY8795,1,3
NY8796,1,2
NY8798,1,3
NY8799,1,3
NY8800,1,2
NY8801,1,2
NY8802,1,1
NY8803,1,3
NY8804,1,3
NY8805,2,2
NY8806,1,1
NY8807,1,2
NY8811,2,1
NY8812,1,2
NY8813,2,2
NY8814,2,2
NY8815,1,2
NY8816,1,3
NY8817,1,2
NY8819,2,3
NY8820,1,3
NY8821,1,3
NY8823,1,3
NY8824,2,3
NY8825,1,2
NY8826,1,3
NY8827,1,3
NY8828,1,3
NY8829,1,2
NY8830,1,3
NY8831,3,2
NY8832,1,2
NY8833,1,3
NY8834,2,2
NY8835,1,3
NY8836,1,3
NY8837,1,3
NY8840,1,2
NY8841,1,3
NY8842,1,2
NY8844,1,3
NY8845,1,3
NY8846,3,2
NY8848,2,3
NY8849,2,3
NY8850,1,3
NY8851,1,2
NY8852,1,3
NY8853,1,3
NY8854,1,2
NY8855,1,2
NY8901,3,1
NY8911,3,2
NY8914,2,3
NY9001,2,2
NY9011,3,1
NY9021,3,2
NY9031,3,1
NY9061,3,2
NY9062,2,2
NY9071,3,1
NY9081,3,1
NY9083,3,1
NY9091,3,1
NY9101,3,1
NY9111,3,1
NY9121,2,1
NY9141,1,2
NY9151,3,1
NY9161,3,1
NY9162,3,1
NY9171,2,1
NY9191,2,2
NY9201,3,1
NY9211,2,1
NY9233,3,2
NY9234,3,1
NY9241,3,1
NY9291,2,2
NY9301,3,2
NY9311,3,2
NY9312,3,2
NY9331,3,1
NY9332,3,1
NY9341,3,1
NY9361,3,1
NY9362,3,1
NY9363,3,1
NY9381,3,2
NY9391,3,1
NY9401,3,1
NY9451,3,1
NY9461,1,3
NY9462,1,3
NY9471,3,1
NY9481,1,3
NY9491,1,2
NY9501,2,3
NY9511,2,2
NY9531,2,3
NY9551,2,1
NY9561,3,1
NY9591,3,1
NY9601,3,1
NY9611,3,2
NY9631,3,1
NY9641,2,2
NY9651,1,3
NY9681,2,2
NY9682,2,2
NY9691,3,1
NY9692,3,1
NY9711,3,1
NY9751,3,2
NY9761,1,3
NY9762,1,3
NY9771,3,1
NY9801,3,1
NY9811,3,1
NY9821,1,2
NY9822,1,2
NY9831,3,2
NY9861,3,1
NY9881,3,1
NY9901,3,1
NY9911,3,1
NY9921,2,1
NY9931,3,3
NY9941,3,1
NY9951,3,1
NY9971,3,1
OH0002,1,3
OH0003,2,2
OH0005,1,3
OH0006,1,2
OH0007,1,3
OH0008,2,3
OH0009,1,3
OH0010,1,3
OH0011,1,3
OH0013,1,3
OH0014,2,1
OH0015,1,2
OH0016,2,1
OH0017,1,3
OH0019,1,2
OH0020,3,1
OH0021,3,1
OH0022,1,3
OH0023,3,1
OH0025,1,2
OH0026,1,3
OH0028,1,2
OH0030,2,2
OH0031,1,3
OH0032,1,3
OH0035,2,1
OH0036,3,1
OH0038,3,1
OH0039,2,1
OH0041,1,2
OH0042,1,1
OH0043,1,2
OH0044,2,1
OH0045,3,1
OH0047,1,3
OH0049,1,2
OH0050,1,3
OH0051,1,3
OH0052,2,3
OH0055,3,1
OH0056,3,1
OH0059,3,1
OH0062,3,1
OH0063,1,3
OH0064,3,1
OH0073,1,1
OH0074,2,1
OH0075,2,2
OH0076,2,2
OH0079,2,1
OH0080,2,1
OH0103,2,2
OH0104,2,2
OH0106,1,2
OH0108,1,2
OH0109,1,1
OH0113,1,2
OH0114,1,2
OH0115,1,2
OH0116,1,3
OH0119,1,2
OH0122,1,2
OH0124,1,2
OH0127,3,1
OH0128,1,2
OH0129,2,2
OH0130,2,3
OH0133,1,2
OH0136,3,1
OH0140,3,1
OH0141,3,1
OH0143,3,1
OH0144,3,1
OH0150,1,2
OH0155,3,1
OH0156,1,2
OH0165,3,1
OH0166,3,1
OH0167,3,1
OH0272,2,1
OH0330,3,1
OH0460,3,1
OH0953,2,1
OH0956,1,2
OH0960,1,3
OH0961,1,3
OH0962,1,2
OH0970,1,3
OH0972,1,2
OH0976,1,3
OH0977,1,2
OH0995,3,2
OH1045,1,3
OH1160,1,3
OH1178,1,3
OH1179,1,3
OH1439,3,1
OH1484,1,2
OH1493,3,2
OH1577,3,1
OH1594,1,3
OH1870,3,1
OH2000,1,2
OH2002,1,2
OH2004,1,2
OH2012,1,2
OH2091,1,3
OH2097,3,1
OH2114,3,1
OH2115,3,1
OH2116,2,2
OH2117,1,3
OH2120,1,3
OH2121,1,2
OH2124,2,3
OH2292,1,2
OH2293,2,2
OH2323,1,1
OH2454,3,3
OH2459,1,3
OH2460,2,3
OH2471,1,3
OH2496,1,3
OH2646,2,3
OH2652,2,2
OH2692,2,2
OH2705,1,3
OH2706,1,2
OH2726,1,3
OH2727,1,2
OH2830,1,2
OH2883,1,3
OH2924,1,2
OH2935,1,2
OH2969,1,2
OH3309,1,3
OH3329,1,3
OH3332,1,3
OH3333,1,2
OH3339,1,2
OH3345,1,2
OH3348,3,1
OH3351,1,2
OH3354,3,1
OH3364,1,3
OH3365,1,3
OH3369,1,3
OH3380,3,1
OH3391,3,1
OH3395,3,1
OH3397,1,3
OH3398,1,3
OH3400,1,3
OH3402,3,1
OH3440,3,1
OH3446,1,2
OH3448,1,3
OH3449,3,1
OH3450,1,2
OH3453,3,1
OH3455,1,3
OH3457,1,2
OH3458,3,3
OH3468,1,3
OH3469,1,3
OH3470,1,3
OH3471,3,3
OH3472,2,3
OH3473,1,3
OH3474,2,3
OH3475,2,3
OH3476,2,3
OH3480,3,1
OH3482,1,3
OH3483,1,3
OH3484,1,3
OH3485,1,3
OH3486,1,3
OH3487,1,2
OH3488,1,3
OH3489,1,3
OH3491,1,3
OH3492,2,3
OH3496,1,3
OH3497,1,3
OH3499,1,3
OH3500,2,2
OH3514,1,3
OH3516,3,1
OH3524,1,2
OH3525,1,2
OH3526,1,2
OH3527,1,3
OH3528,1,3
OH3665,1,3
OH3704,1,2
OH3705,1,3
OH3706,1,3
OH3707,1,2
OH3708,1,3
OH5457,1,3
OH7102,1,3
OH7108,1,2
OH7109,1,3
OH7605,1,3
OH7609,1,3
OH7610,2,1
OH7612,1,2
OH7614,1,3
OH7616,1,2
OH7636,2,2
OH7641,1,3
OH7649,1,3
OH7652,1,2
OH7653,2,2
OH7655,1,3
OH7657,1,3
OH7658,1,2
OH7659,1,3
OH7674,3,1
OH7684,1,3
OH7690,2,3
OH7692,1,3
OH7697,1,3
OH7699,3,1
OH7739,1,3
OH7741,3,1
OH7767,1,3
OH7768,1,2
OH7773,1,2
OH7775,1,2
OH7779,1,2
OH7780,1,2
OH7783,1,3
OH7787,1,3
OH7789,1,3
OH7790,3,1
OH7791,1,2
OH7805,1,3
OH7815,1,3
OH7821,1,2
OH7860,1,2
OH7861,1,3
OH7874,1,3
OH7932,1,3
OH7934,1,2
OH7938,1,2
OH7939,2,3
OH7985,1,3
OH7987,2,1
OH7988,1,2
OH8087,1,2
OH8200,1,3
OH8208,3,1
OH8213,1,2
OH8230,2,1
OH8236,1,3
OH8238,3,1
OH8248,1,2
OH8249,1,2
OH8264,1,3
OH8267,2,2
OH8270,1,3
OH8283,1,3
OH8288,1,3
OH8290,1,3
OH8303,1,3
OH8308,1,3
OH8312,1,2
OH8313,3,1
OH8876,1,3
OH8877,2,1
OH8887,2,1
OH8890,3,1
OH9189,1,2
OH9191,3,2
OH9197,1,3
OH9198,3,3
OH9253,1,2
OH9901,3,3
OK0002,1,2
OK0004,1,2
OK0005,1,2
OK0006,1,2
OK0007,1,3
OK0008,2,1
OK0110,3,1
OK0113,1,3
OK0166,1,3
OK0214,2,2
OK0220,1,3
OK0223,1,3
OK0224,1,3
OK0227,1,3
OK0881,1,3
OK0953,2,1
OK1706,3,1
OK1811,3,1
OK1813,2,3
OK1815,1,3
OK1816,1,2
OK1819,1,3
OK1820,1,3
OK1975,1,3
OK1977,3,1
OK1994,1,3
OK1995,1,3
OK1996,1,3
OK1998,3,3
OK2031,1,3
OK2032,1,2
OK2034,1,3
OK2035,1,3
OK2036,1,2
OK2037,1,2
OK2038,1,3
OK2043,2,2
OK2044,1,3
OK2045,2,3
OK2046,1,3
OK2047,1,3
OK2049,1,2
OK5003,1,3
OK8736,1,2
OR0007,2,1
OR0008,2,2
OR0010,1,2
OR0013,1,1
OR0017,1,1
OR0020,1,2
OR0024,1,3
OR0026,1,2
OR0029,3,1
OR0030,3,1
OR0031,3,1
OR0032,2,1
OR0033,2,1
OR0034,1,1
OR0035,3,1
OR0037,2,1
OR0038,2,1
OR0039,2,1
OR0040,2,1
OR0041,3,1
OR0042,3,1
OR0043,2,1
OR0044,2,1
OR0045,2,1
OR0046,3,1
OR0047,3,1
OR0048,3,1
OR0049,3,1
OR0050,2,1
OR0051,3,1
OR0052,3,1
OR0053,3,1
OR0054,3,1
OR0055,2,1
OR0056,3,1
OR0057,2,1
OR0058,2,1
OR0059,3,1
OR0061,3,1
OR0062,3,1
OR0063,2,1
OR0066,2,1
OR0067,3,1
OR0068,2,1
OR0074,1,2
OR0075,2,2
OR0076,3,1
OR0079,3,1
OR0080,1,2
OR0081,1,2
OR0086,1,1
OR0087,3,1
OR0091,1,2
OR0096,2,1
OR0101,3,1
OR0864,3,1
OR2301,2,3
OR2302,2,3
OR2305,1,2
OR2310,1,2
OR2311,1,2
OR2314,1,2
OR2315,1,3
OR2316,1,2
OR2317,2,3
OR2320,2,2
OR2324,1,2
OR2326,1,2
OR2328,1,2
OR2332,3,1
OR2333,1,3
OR2334,1,3
OR2335,1,2
OR2336,2,2
OR2337,1,2
OR2341,2,3
OR2346,1,2
OR2347,1,2
OR2348,1,2
OR2349,2,2
OR2352,1,2
OR2353,3,1
OR2355,1,3
OR2357,2,2
OR2358,2,2
OR2359,1,2
OR2360,2,2
OR2361,2,2
OR2363,3,1
OR2364,3,1
OR2365,2,1
OR2366,1,3
OR2368,1,3
OR2369,2,2
OR2373,2,2
OR2374,2,2
OR2376,1,2
OR2378,1,2
OR2379,1,3
OR2380,1,2
OR2381,1,2
OR2383,1,2
OR2384,2,2
OR2385,1,2
OR2387,1,3
OR2388,1,2
OR2395,1,3
OR2397,1,2
OR2398,1,3
OR2400,1,3
OR2402,1,2
OR2403,1,2
OR2409,1,3
OR2417,1,2
OR2420,1,2
OR2421,1,2
OR2425,1,3
OR2428,1,2
OR2438,1,2
OR2443,1,2
OR2447,1,2
SC0001,3,1
TX0001,3,1
TX0006,1,3
TX0009,3,1
TX0011,1,3
TX0012,1,3
TX0014,1,2
TX0016,1,3
TX0017,1,3
TX0018,1,3
TX0019,1,3
TX0020,1,2
TX0022,1,3
TX0023,2,3
TX0024,2,1
TX0025,1,3
TX0026,1,3
TX0028,1,3
TX0029,1,3
TX0030,2,2
TX0034,1,3
TX0035,1,3
TX0036,2,1
TX0037,1,3
TX0038,1,2
TX0039,1,3
TX0040,1,3
TX0041,2,1
TX0042,1,3
TX0044,1,2
TX0046,1,3
TX0047,1,3
TX0048,1,2
TX0049,2,2
TX0050,1,3
TX0051,1,3
TX0053,2,2
TX0054,1,3
TX0055,1,3
TX0056,3,1
TX0057,1,3
TX0058,1,3
TX0059,1,3
TX0060,1,2
TX0061,1,3
TX0063,1,3
TX0064,1,3
TX0066,1,3
TX0067,1,3
TX0071,1,3
TX0072,2,3
TX0073,1,3
TX0074,1,2
TX0075,1,2
TX0076,1,2
TX0078,1,3
TX0079,1,2
TX0080,1,3
TX0082,1,3
TX0083,1,3
TX0084,1,3
TX0085,1,3
TX0086,1,3
TX0087,1,3
TX0088,1,2
TX0092,1,3
TX0093,1,3
TX0095,1,2
TX0096,1,3
TX0097,1,3
TX0099,1,3
TX0100,2,3
TX0101,1,3
TX0102,2,2
TX0103,1,3
TX0104,1,3
TX0105,1,3
TX0106,1,3
TX0107,1,2
TX0109,1,3
TX0110,2,2
TX0112,2,3
TX0113,1,3
TX0114,1,3
TX0115,1,3
TX0116,1,2
TX0117,1,3
TX0118,1,3
TX0119,1,3
TX0121,2,2
TX0122,1,3
TX0124,1,3
TX0140,1,3
TX0150,3,1
TX0155,1,2
TX0158,1,3
TX0159,1,2
TX0161,1,3
TX0163,1,3
TX0166,1,3
TX0170,3,1
TX0171,1,3
TX0177,2,3
TX0179,1,3
TX0181,1,3
TX0182,2,2
TX0183,1,3
TX0184,1,3
TX0187,1,2
TX0189,1,3
TX0191,1,3
TX0193,1,3
TX0194,1,2
TX0198,1,2
TX0200,3,1
TX0201,2,1
TX0202,3,1
TX0203,2,2
TX0204,2,1
TX0205,2,1
TX0206,2,1
TX0207,2,2
TX0209,1,2
TX0211,1,3
TX0213,1,3
TX0215,1,3
TX0218,1,3
TX0221,1,3
TX0223,2,3
TX0226,1,3
TX0228,1,2
TX0231,1,3
TX0233,1,3
TX0235,1,3
TX0238,2,2
TX0241,1,2
TX0242,3,1
TX0243,2,2
TX0244,2,1
TX0245,3,1
TX0246,3,1
TX0247,2,1
TX0248,3,1
TX0249,3,1
TX0251,1,3
TX0252,1,3
TX0253,1,3
TX0255,2,1
TX0257,1,3
TX0259,1,3
TX0261,1,3
TX0263,1,3
TX0264,1,3
TX0267,1,2
TX0268,2,3
TX0269,1,3
TX0271,1,3
TX0278,3,1
TX0279,1,3
TX0280,1,3
TX0281,1,3
TX0283,2,3
TX0284,3,1
TX0286,1,3
TX0287,1,2
TX0289,1,3
TX0291,3,1
TX0292,3,2
TX0293,1,2
TX0294,1,3
TX0295,1,3
TX0296,1,2
TX0297,1,2
TX0298,1,2
TX0299,1,3
TX0300,1,3
TX0301,1,3
TX0302,1,1
TX0303,1,2
TX0304,1,2
TX0305,1,2
TX0306,1,3
TX0308,1,3
TX0313,1,3
TX0316,1,3
TX0317,1,3
TX0318,1,3
TX0319,2,3
TX0320,1,3
TX0321,3,1
TX0322,3,1
TX0323,2,3
TX0324,1,3
TX0325,2,1
TX0326,1,3
TX0327,1,3
TX0328,3,1
TX0329,2,1
TX0331,1,3
TX0332,2,3
TX0335,1,3
TX0336,1,3
TX0337,2,2
TX0338,1,3
TX0339,2,3
TX0340,1,3
TX0341,1,2
TX0344,1,3
TX0347,1,2
TX0348,3,3
TX0349,2,2
TX0350,1,3
TX0351,1,3
TX0352,1,3
TX0353,1,3
TX0355,1,3
TX0358,1,3
TX0359,1,3
TX0361,1,3
TX0363,1,3
TX0366,2,3
TX0367,2,3
TX0370,3,1
TX0371,1,2
TX0372,1,2
TX0373,2,2
TX0374,1,2
TX0375,2,1
TX0376,2,1
TX0377,1,3
TX0378,1,3
TX0379,2,1
TX0380,1,2
TX0381,1,3
TX0383,1,3
TX0384,3,1
TX0385,2,1
TX0386,1,2
TX0391,2,1
TX0394,1,2
TX0395,1,2
TX0397,1,2
TX0398,2,2
TX0399,2,1
TX0400,2,1
TX0404,1,3
TX0406,1,3
TX0407,1,3
TX0408,1,3
TX0409,1,3
TX0410,2,3
TX0411,1,2
TX0412,2,3
TX0415,1,3
TX0417,1,3
TX0419,1,3
TX0420,1,2
TX0421,3,1
TX0423,1,3
TX0425,1,3
TX0426,1,3
TX0429,2,3
TX0431,1,3
TX0432,3,1
TX0434,1,3
TX0435,1,3
TX0443,2,2
TX0445,1,3
TX0447,1,3
TX0448,2,1
TX0450,1,3
TX0452,1,2
TX0453,2,1
TX0454,3,1
TX0456,1,3
TX0457,3,1
TX0458,1,3
TX0459,1,3
TX0460,1,2
TX0461,2,1
TX0462,1,2
TX0463,1,2
TX0464,1,2
TX0465,1,3
TX0466,1,2
TX0467,1,3
TX0468,1,3
TX0469,1,2
TX0470,1,3
TX0471,1,3
TX0472,1,2
TX0473,1,2
TX0474,1,2
TX0475,1,2
TX0476,1,2
TX0477,2,1
TX0478,2,1
TX0479,1,1
TX0480,3,1
TX0481,1,2
TX0482,1,1
TX0483,3,1
TX0484,3,1
TX0485,1,2
TX0487,3,1
TX0488,3,1
TX0489,1,2
TX0491,1,3
TX0492,1,3
TX0493,1,3
TX0494,1,3
TX0496,1,2
TX0499,3,1
TX0500,3,1
TX0501,3,1
TX0502,1,3
TX0508,1,3
TX0510,1,3
TX0511,1,3
TX0513,2,1
TX0514,1,2
TX0515,3,1
TX0516,1,3
TX0517,1,3
TX0518,3,1
TX0527,3,1
TX0528,1,3
TX0529,2,3
TX0530,2,1
TX0537,1,3
TX0538,1,1
TX0540,3,1
TX0546,1,2
TX0547,3,1
TX0548,1,3
TX0552,1,1
TX0553,1,3
TX0571,1,3
TX0576,1,3
TX0579,1,3
TX0580,2,2
TX0582,1,3
TX0584,1,2
TX0585,1,2
TX0586,1,2
TX0588,2,2
TX0590,2,2
TX0591,1,2
TX0592,1,2
TX0598,2,3
TX0600,2,2
TX0601,2,3
TX0604,2,3
TX0609,1,3
TX0610,1,3
TX0620,1,3
TX0624,1,2
TX0626,2,2
TX0630,1,3
TX0631,2,2
TX0634,2,2
TX0640,1,2
TX0643,1,2
TX0644,1,3
TX0645,2,1
TX0646,2,3
TX0647,2,1
TX0648,2,2
TX0649,3,1
TX0650,3,1
TX0651,1,3
TX0653,1,2
TX0654,1,3
TX0655,1,3
TX0656,1,2
TX0657,3,1
TX0659,1,3
TX0667,1,3
TX0668,2,2
TX0669,2,2
TX0672,1,2
TX0674,1,3
TX0675,1,3
TX0677,1,2
TX0680,2,1
TX0682,1,3
TX0684,2,2
TX0685,3,1
TX0687,1,2
TX0689,2,1
TX0690,1,3
TX0691,3,1
TX0708,1,3
TX0715,2,1
TX0716,1,2
TX0720,3,1
TX0733,2,3
TX0800,3,1
TX0813,1,3
TX0999,2,2
TX1414,2,3
TX1418,1,3
TX1419,1,3
TX1420,2,1
TX1421,3,1
TX1422,2,1
TX1423,1,3
TX1425,2,3
TX1584,1,3
TX1600,3,1
TX1607,1,3
TX1612,3,3
TX1613,2,3
TX1627,1,3
TX1634,1,3
TX1644,1,3
TX1874,1,3
TX1880,1,3
TX2001,1,2
TX2002,1,3
TX2020,2,1
TX2124,1,3
TX2148,3,3
TX2174,1,3
TX2221,1,2
TX2223,1,3
TX2225,1,3
TX2226,1,2
TX2227,1,3
TX2228,1,3
TX2229,1,3
TX2230,1,3
TX2231,1,3
TX2234,1,3
TX2237,1,3
TX2239,1,3
TX2241,1,3
TX2242,1,3
TX2244,1,3
TX2246,2,3
TX2247,1,2
TX2251,1,3
TX2252,2,2
TX2253,1,3
TX2255,1,3
TX2257,1,3
TX2258,1,3
TX2260,1,3
TX2261,2,3
TX2262,1,3
TX2263,1,3
TX2264,1,3
TX2265,1,3
TX2266,1,3
TX2267,1,3
TX2317,1,3
TX2320,1,3
TX2343,1,3
TX2344,1,3
TX2394,1,3
TX2424,1,2
TX2474,1,2
TX2475,1,3
TX2499,2,3
TX2536,1,3
TX2537,3,1
TX2605,1,3
TX2678,1,3
TX2695,2,3
TX2710,1,2
TX2732,3,3
TX2739,2,2
TX2828,1,3
TX2990,1,3
TX2991,3,2
TX2992,1,2
TX2993,1,3
TX2994,1,3
TX2995,1,3
TX2996,2,3
TX2997,2,2
TX2998,1,3
TX3000,1,3
TX3005,1,3
TX3007,1,3
TX3008,1,3
TX3009,1,3
TX3010,1,3
TX3011,1,3
TX3012,2,2
TX3013,1,3
TX3014,1,3
TX3015,1,2
TX3016,1,3
TX3020,2,2
TX3021,1,3
TX3022,1,3
TX3023,1,3
TX3024,2,3
TX3025,2,3
TX3026,2,3
TX3027,1,3
TX3028,1,3
TX3029,1,3
TX3030,1,3
TX3033,1,2
TX3034,1,3
TX3035,1,3
TX3036,1,2
TX3037,1,3
TX3038,1,3
TX3039,2,3
TX3040,3,2
TX3041,2,1
TX3043,1,3
TX3044,1,3
TX3046,1,3
TX3049,2,2
TX3050,2,2
TX3051,1,3
TX3054,1,3
TX3055,1,3
TX3056,1,3
TX3059,1,3
TX3061,1,3
TX3063,1,3
TX3064,1,3
TX3065,1,3
TX3068,1,3
TX3069,1,3
TX3070,1,3
TX3071,2,3
TX3072,1,3
TX3073,1,3
TX3075,2,3
TX3076,1,3
TX3077,1,3
TX3083,2,3
TX3084,2,2
TX3085,1,3
TX3086,1,3
TX3087,1,3
TX3088,1,3
TX3089,1,3
TX3090,1,2
TX3091,1,3
TX3092,1,3
TX3093,1,3
TX3095,1,3
TX3096,1,3
TX3097,1,3
TX3098,1,3
TX3099,1,3
TX3100,1,2
TX3101,1,3
TX3106,1,1
TX3109,1,1
TX3111,1,3
TX3112,1,2
TX3113,2,3
TX3114,1,3
TX3115,1,3
TX3117,1,3
TX3119,2,2
TX3120,1,2
TX3121,1,3
TX3124,3,1
TX3125,1,3
TX3130,1,3
TX3131,2,1
TX3132,1,3
TX3135,1,3
TX3139,1,2
TX3140,1,3
TX3141,1,3
TX3143,1,2
TX3146,1,3
TX3147,1,2
TX3148,1,3
TX3149,1,3
TX3150,2,1
TX3151,1,3
TX3153,1,3
TX3154,1,3
TX3155,2,3
TX3156,1,3
TX3157,1,3
TX3158,3,2
TX3159,3,3
TX3160,1,3
TX3162,1,2
TX3163,1,3
TX3164,3,3
TX3165,2,2
TX3166,3,3
TX3167,1,3
TX3168,1,3
TX3171,2,3
TX3172,2,3
TX3173,3,2
TX3174,1,3
TX3215,1,3
TX3216,1,3
TX3217,1,3
TX3219,2,3
TX3220,1,3
TX3222,2,1
TX3225,1,3
TX3227,2,3
TX3231,1,3
TX3232,1,3
TX3234,1,3
TX3235,1,3
TX3236,1,3
TX3237,1,3
TX3240,1,3
TX3242,1,3
TX3248,1,3
TX3250,1,3
TX3254,3,2
TX3255,2,2
TX3256,3,3
TX3257,3,1
TX3266,1,3
TX3269,3,1
TX3270,1,3
TX3271,2,1
TX3272,1,3
TX3274,1,3
TX3275,2,2
TX3276,1,3
TX3277,1,2
TX3278,2,3
TX3279,2,2
TX3280,1,2
TX3282,2,3
TX3283,3,1
TX3285,3,1
TX3286,3,1
TX3287,3,1
TX3288,3,3
TX3290,3,1
TX3292,3,1
TX3293,2,1
TX3294,3,1
TX3295,3,1
TX3297,3,1
TX3298,3,1
TX3299,3,1
TX3300,2,2
TX3301,3,1
TX3302,3,1
TX3303,3,1
TX3305,1,2
TX3306,3,1
TX3307,3,3
TX3308,2,2
TX3310,1,3
TX3311,2,2
TX3312,1,2
TX3313,1,3
TX3316,1,3
TX3331,1,2
TX3336,1,3
TX3340,1,3
TX3355,1,2
TX3356,1,3
TX3357,1,3
TX3358,1,3
TX3359,1,3
TX3366,1,3
TX3370,1,2
TX3371,1,3
TX3372,2,3
TX3373,1,3
TX3374,1,3
TX3375,2,3
TX3409,1,3
TX3671,1,3
TX3672,1,3
TX3673,1,3
TX3677,1,3
TX3678,1,3
TX3679,1,3
TX3680,1,3
TX3720,1,3
TX3766,2,2
TX3768,1,3
TX3778,1,3
TX3784,1,3
TX3785,1,3
TX3787,1,3
TX3788,1,3
TX3794,1,3
TX3795,1,3
TX3797,1,3
TX3798,1,3
TX3800,1,3
TX3804,1,3
TX3810,1,3
TX3825,2,1
TX3833,1,3
TX3834,1,3
TX3838,3,1
TX3848,3,1
TX3851,2,3
TX3852,1,3
TX3853,1,3
TX3854,1,2
TX3856,1,3
TX3860,2,1
TX3865,1,3
TX3877,1,3
TX3881,2,1
TX3883,1,3
TX3891,1,3
TX3892,1,3
TX3893,1,3
TX3894,1,3
TX3898,1,3
TX3900,2,3
TX3901,1,3
TX3902,2,2
TX3903,1,3
TX3910,2,3
TX3911,2,3
TX3912,2,3
TX3953,1,3
TX3954,1,3
TX3962,1,2
TX3963,2,3
TX3968,1,2
TX3969,1,3
TX3970,1,3
TX3973,1,3
TX3975,1,3
TX3976,1,3
TX3977,1,3
TX3979,1,3
TX3980,1,3
TX3981,1,3
TX3982,1,3
TX3983,1,3
TX3992,1,3
TX3993,1,2
TX3994,1,2
TX3995,2,3
TX3998,1,2
TX3999,1,2
TX4000,1,3
TX4001,1,3
TX4003,1,3
TX4004,1,3
TX4005,1,2
TX4014,3,1
TX4067,1,3
TX4109,1,2
TX4114,1,3
TX4120,3,1
TX4132,1,2
TX4138,1,2
TX4163,2,3
TX4165,1,3
TX4166,1,3
TX4167,1,3
TX4203,2,2
TX4208,3,1
TX4224,1,3
TX4225,1,2
TX4229,3,1
TX4251,1,3
TX4252,1,3
TX4255,1,3
TX4263,1,3
TX4284,1,3
TX4285,1,3
TX4286,1,3
TX4290,1,3
TX4291,2,1
TX4294,1,3
TX4297,1,3
TX4303,2,3
TX4304,3,3
TX4305,1,3
TX4310,1,3
TX4312,1,3
TX4316,1,3
TX4318,1,3
TX4340,2,1
TX4395,2,1
TX4402,3,3
TX4437,1,3
TX4446,1,3
TX4524,1,3
TX4537,1,3
TX4540,1,3
TX4541,1,3
TX4548,1,3
TX4578,3,1
TX4610,1,3
TX4630,1,3
TX4632,1,1
TX4662,2,2
TX4663,3,1
TX4678,1,3
TX4690,2,3
TX4692,1,1
TX4693,1,3
TX4698,1,2
TX4699,1,2
TX4705,1,3
TX4709,2,1
TX4715,1,3
TX4716,1,3
TX4721,2,3
TX4722,1,3
TX4724,1,3
TX4725,1,2
TX4726,2,2
TX4727,1,3
TX4729,1,3
TX4730,1,3
TX4732,1,3
TX4760,2,3
TX4761,1,3
TX4787,3,1
TX4797,1,2
TX4817,3,1
TX4818,3,1
TX4858,3,1
TX4974,2,1
TX4975,1,1
TX4976,1,2
TX4977,3,1
TX4978,2,2
TX5092,1,2
TX5158,1,2
TX5159,3,1
TX5161,2,1
TX5270,3,1
TX5361,1,3
TX5435,2,3
TX5443,3,1
TX5452,1,3
TX5453,1,3
TX5454,1,3
TX5508,3,1
TX5509,3,1
TX5558,2,1
TX5708,2,1
TX5920,3,3
TX5922,1,3
TX5958,3,1
TX5959,3,1
TX5960,2,1
TX6011,1,3
TX6023,1,3
TX6027,2,3
TX6029,1,3
TX6030,3,1
TX6031,2,3
TX6047,1,3
TX6052,1,3
TX6060,1,3
TX6061,1,3
TX6063,1,3
TX6064,1,3
TX6065,1,3
TX6066,1,3
TX6068,1,3
TX6071,1,3
TX6072,1,2
TX6075,1,3
TX6076,1,3
TX6078,1,3
TX6080,1,3
TX6083,1,3
TX6085,1,3
TX6087,1,3
TX6100,1,3
TX6106,1,3
TX6107,1,3
TX6108,1,2
TX6112,2,3
TX6118,1,3
TX6121,1,3
TX6122,2,1
TX6123,1,3
TX6124,1,3
TX6128,1,3
TX6129,1,3
TX6134,2,3
TX6136,1,3
TX6137,3,1
TX6138,1,3
TX6140,1,3
TX6142,1,3
TX6143,1,3
TX6144,1,3
TX6145,1,3
TX6146,1,3
TX6147,1,3
TX6148,1,3
TX6149,1,3
TX6153,1,3
TX6155,2,3
TX6156,2,3
TX6157,1,3
TX6167,2,2
TX6168,1,3
TX6169,1,3
TX6172,3,3
TX6174,1,2
TX6175,3,1
TX6176,1,3
TX6177,1,3
TX6178,1,3
TX6180,1,3
TX6182,1,3
TX6183,1,3
TX6187,1,3
TX6191,1,3
TX6192,1,3
TX6194,1,3
TX6196,1,3
TX6198,1,3
TX6200,1,3
TX6202,1,3
TX6210,1,2
TX6212,1,3
TX6218,1,3
TX6222,1,3
TX6223,1,3
TX6224,1,3
TX6228,1,2
TX6229,1,3
TX6233,1,3
TX6234,1,2
TX6236,1,3
TX6237,3,1
TX6241,2,3
TX6243,1,2
TX6251,1,3
TX6253,1,3
TX6255,1,3
TX6263,1,3
TX6264,3,1
TX6265,1,3
TX6275,1,3
TX6276,1,3
TX6278,1,3
TX6280,1,3
TX6282,1,3
TX6283,1,3
TX6288,1,3
TX6290,1,3
TX6299,1,3
TX6303,1,1
TX6309,1,2
TX6311,1,3
TX6316,1,3
TX6317,1,3
TX6319,1,3
TX6334,1,3
TX6338,1,3
TX6342,1,2
TX6347,1,3
TX6366,1,3
TX6370,1,3
TX6372,1,3
TX6378,1,3
TX6380,1,3
TX6384,1,3
TX6388,1,3
TX6392,1,3
TX6394,1,3
TX6406,1,3
TX6414,1,3
TX6416,1,3
TX7033,1,3
TX7071,3,1
TX7112,3,1
TX7645,3,1
TX7673,3,1
TX7783,2,2
TX7839,1,2
TX7898,3,1
TX8002,1,3
TX8003,1,3
TX8005,1,3
TX8006,1,3
TX8007,1,3
TX8009,1,3
TX8010,1,3
TX8011,2,3
TX8012,1,3
TX8013,1,3
TX8014,2,2
TX8016,1,3
TX8017,1,3
TX8023,1,3
TX8024,1,3
TX8026,1,3
TX8031,3,1
TX8035,1,3
TX8036,1,3
TX8037,1,3
TX8040,2,1
TX8041,2,1
TX8049,1,3
TX8112,1,3
TX8313,1,2
TX8487,1,2
TX8804,1,2
TX8809,1,3
TX9009,3,1
TX9242,1,2
TX9244,3,3
TX9249,1,3
TX9250,2,3
TX9252,1,3
TX9262,1,3
TX9265,1,3
TX9269,2,2
TX9602,1,3
TX9603,1,3
TX9605,1,3
TX9606,2,3
TX9607,1,3
TX9608,1,3
TX9609,1,3
TX9610,1,2
TX9620,1,3
TX9630,1,3
UT0001,1,3
UT0029,1,2
UT0030,2,1
UT0031,3,1
UT0032,3,1
UT0033,2,1
UT0034,2,1
UT0035,3,1
UT0036,2,1
UT0037,2,1
UT0038,2,1
UT0039,3,1
UT0040,2,1
UT0041,2,1
UT0042,3,1
UT0043,3,1
UT0044,3,1
UT0045,3,1
UT0046,2,1
UT0047,2,1
UT0048,3,1
UT0049,3,1
UT0050,3,1
UT0051,2,2
UT0052,2,1
UT0053,2,1
UT0054,2,1
UT0055,2,1
UT0056,1,2
UT0057,1,2
UT0058,2,1
UT0059,3,1
UT0060,2,1
UT0061,3,1
UT0062,2,1
UT0066,1,3
UT0068,1,2
UT0070,3,1
UT0071,2,1
UT0072,3,1
UT0073,3,1
UT0074,2,1
UT0075,1,2
UT0078,3,1
UT0079,1,2
UT0081,2,1
UT0082,3,1
UT0084,1,2
UT0085,3,1
UT0086,3,1
UT0087,3,1
UT0088,2,1
UT0090,1,2
UT0097,3,1
UT0100,1,2
UT0103,1,1
UT0104,3,1
UT0106,1,3
UT0107,3,1
UT0114,3,1
UT0134,1,3
UT0156,1,3
UT1103,1,3
UT1104,2,1
UT1105,1,3
UT1106,1,2
UT1114,1,3
UT1120,1,3
UT1830,1,3
UT2065,1,3
UT2066,1,3
UT2067,1,2
UT2068,1,3
UT2069,1,3
UT2104,1,2
UT2106,1,2
UT2107,2,1
UT2110,1,3
UT2111,1,2
UT2114,1,2
UT2115,1,2
UT2117,1,2
UT2692,1,2
UT3000,1,3
UT3001,1,1
UT3002,1,2
UT3849,1,2
UT4941,1,2
UT4945,1,2
WA0013,2,1
WA0014,2,1
WA0016,1,2
WA0017,1,3
WA0018,1,2
WA0020,1,2
WA0021,1,2
WA0025,1,2
WA0026,2,2
WA0029,2,2
WA0030,2,1
WA0032,1,2
WA0033,1,1
WA0037,1,2
WA0039,2,2
WA0041,2,2
WA0042,1,1
WA0043,2,2
WA0048,1,3
WA0050,1,3
WA0052,2,2
WA0054,2,1
WA0055,3,1
WA0056,3,1
WA0057,2,2
WA0059,1,3
WA0060,2,2
WA0061,2,1
WA0062,2,1
WA0063,2,2
WA0066,1,2
WA0068,2,1
WA0069,3,1
WA0070,2,1
WA0073,1,2
WA0075,2,1
WA0079,1,1
WA0080,3,1
WA0082,2,1
WA0083,3,1
WA0085,3,1
WA0087,2,1
WA0089,2,1
WA0090,2,1
WA0091,1,1
WA0092,3,2
WA0095,2,1
WA0096,3,1
WA0097,2,1
WA0098,2,1
WA0102,3,1
WA0104,2,1
WA0105,2,1
WA0106,2,1
WA0107,2,1
WA0108,2,1
WA0110,2,1
WA0111,3,1
WA0112,3,1
WA0115,2,1
WA0117,2,1
WA0118,2,1
WA0119,2,1
WA0121,3,1
WA0122,2,1
WA0123,2,1
WA0124,2,1
WA0125,3,1
WA0127,2,1
WA0128,3,1
WA0129,3,1
WA0130,2,1
WA0131,2,1
WA0134,2,1
WA0135,3,1
WA0136,3,1
WA0138,2,1
WA0139,1,1
WA0140,2,1
WA0146,3,1
WA0147,2,1
WA0150,2,1
WA0154,2,1
WA0157,1,1
WA0158,3,1
WA0160,2,1
WA0162,3,2
WA0164,2,1
WA0165,3,1
WA0166,2,1
WA0167,2,1
WA0170,2,1
WA0171,3,1
WA0173,2,1
WA0174,2,1
WA0176,3,1
WA0178,3,1
WA0180,3,1
WA0181,1,1
WA0183,3,1
WA0184,2,1
WA0185,3,1
WA0187,3,1
WA0188,3,1
WA0189,3,1
WA0190,2,1
WA0220,3,1
WA0229,3,1
WA0230,2,1
WA0234,1,2
WA0237,2,1
WA0249,1,1
WA0264,1,1
WA0266,2,1
WA0267,3,1
WA0472,1,2
WA2000,2,2
WA2001,2,1
WA2604,1,2
WA2610,1,3
WA2611,2,2
WA2613,1,3
WA2616,1,3
WA2617,1,2
WA2620,1,2
WA2624,1,3
WA2625,2,2
WA2626,1,3
WA2630,2,3
WA2631,1,2
WA2634,2,2
WA2636,1,3
WA2641,1,2
WA2644,1,3
WA2650,1,3
WA2655,1,2
WA2657,1,2
WA2658,3,2
WA2661,2,3
WA2662,1,2
WA2663,1,2
WA2665,1,1
WA2674,2,3
WA2675,1,2
WA2676,2,3
WA2678,1,3
WA2680,1,3
WA2681,2,2
WA2685,1,2
WA2687,1,3
WA2688,1,3
WA2689,3,3
WA2695,1,2
WA2696,1,2
WA2699,1,2
WA2701,1,3
WA2702,2,3
WA2703,2,2
WA2705,1,2
WA2707,1,2
WA2708,1,2
WA2711,1,3
WA2712,1,2
WA2714,1,3
WA2715,1,3
WA2716,1,3
WA2718,1,3
WA2722,1,2
WA2724,3,2
WA2728,1,3
WA2733,2,1
WA2735,2,1
WA2736,1,2
WA2737,1,1
WA2738,1,2
WA2739,1,2
WA2741,2,1
WA2742,1,3
WA2744,2,3
WA2746,2,1
WA2749,1,2
WA2750,2,2
WA2751,1,2
WA2752,1,2
WA2754,1,2
WA2759,2,3
WA2760,1,2
WA2762,1,3
WA2765,1,2
WA2767,1,2
WA2769,1,2
WA2770,1,3
WA2771,1,2
WA2773,1,3
WA2775,2,2
WA2778,2,3
WA2779,1,2
WA2780,1,2
WA2781,2,1
WA2782,1,2
WA2784,2,2
WA2785,2,2
WA2786,2,3
WA2787,1,2
WA2789,1,2
WA2791,1,3
WA2792,3,2
WA2793,1,2
WA2794,1,2
WA2797,1,2
WA2798,1,3
WA2799,1,2
WA2801,2,2
WA2803,1,3
WA2804,1,3
WA2809,1,2
WA2812,1,2
WA2817,1,3
WA2819,1,2
WA2826,3,1
WA2829,3,3
WA2830,1,2
WA2840,2,2
WA2842,1,3
WA2850,2,3
WA2853,1,2
WA2858,3,1
WA2869,1,2
WA2870,1,3
WI0001,2,1
WI0002,3,1
WI0003,1,2
WI0004,3,1
WI0005,1,3
WI0006,1,3
WI0007,1,3
WI0008,2,3
WI0009,2,3
WI0010,3,1
WI0016,1,1
WI0017,3,2
WI0018,3,1
WI0019,3,2
WI0020,3,2
WI0022,2,2
WI0101,2,1
WI0105,1,2
WI0649,2,2
WI0665,3,1
WI0725,3,1
WI1159,3,1
WI1200,3,1
WI1291,3,2
WI1456,1,2
WI1685,2,3
WI1872,3,1
WI2279,2,2
WI2280,1,3
WI2426,3,1
WI2690,1,3
WI2752,2,1
WI2848,2,1
WI2879,1,2
WI2911,1,2
WI2925,2,3
WI3109,2,2
WI3125,3,1
WI3253,1,1
WI3578,1,1
WI3616,3,1
WI3617,2,1
WI3919,2,3
WI4095,2,1
WI4240,2,1
WI4253,2,1
WI4254,2,2
WI4533,2,1
WI4537,2,3
WI4556,2,1
WI4672,3,1
WI4774,3,2
WI4827,2,1
WI4830,2,1
WI4887,2,1
WI4888,2,1
WI4984,2,2
WI5002,1,1
WI5006,1,3
WI5013,3,1
WI5017,1,3
WI5019,1,3
WI5021,1,3
WI5023,1,3
WI5024,2,1
WI5025,1,1
WI5028,1,2
WI5034,1,3
WI5036,1,2
WI5043,2,3
WI5055,1,3
WI5056,3,2
WI5057,1,2
WI5063,1,3
WI5069,3,1
WI5075,1,2
WI5079,1,2
WI5080,1,3
WI5086,1,3
WI5087,1,1
WI5095,1,3
WI5102,1,1
WI5104,1,2
WI5105,1,3
WI5106,1,2
WI5132,2,1
WI5141,1,3
WI5150,1,3
WI5173,1,3
WI5174,1,2
WI5175,2,1
WI5176,1,2
WI5177,1,2
WI5179,2,1
WI5180,1,1
WI5181,1,2
WI5182,1,3
WI5183,1,2
WI5184,3,1
WI5187,1,2
WI5189,1,2
WI5190,1,2
WI5191,1,2
WI5231,2,1
WI5233,2,1
WI5263,1,3
WI5266,1,3
WI5268,1,3
WI5269,1,2
WI5272,1,2
WI5273,1,3
WI5274,1,2
WI5280,1,1
WI5283,2,2
WI5284,1,3
WI5286,1,3
WI5288,1,3
WI5289,1,3
WI5290,1,2
WI5291,1,2
WI5292,1,2
WI5293,1,2
WI5295,2,3
WI5296,3,1
WI5297,3,2
WI5299,1,3
WI5459,2,1
WI5600,1,2
WI5884,1,1
WI6020,2,1
WI6058,2,1
WI6096,2,1
WI6097,2,1
WI6130,2,1
WI6243,3,1
WI6760,2,2
WI6885,2,3
WI6935,2,1
WI7039,2,1
WI7323,3,1
WI7370,3,3
WI7437,2,1
WI7519,3,1
WI7536,2,1
WI7635,3,1
WI7661,3,2
WI7730,1,1
WI9263,1,3
WI9264,2,1
WV0001,3,1
WV0002,3,1
WV0759,2,2
WV1155,1,3
WV1569,1,3
WV1570,2,1
WV2078,2,3
WV2085,1,3
WV2087,2,3
WV2088,2,3
WV2089,2,3
WV2093,2,3
WV2286,2,3
WV2290,1,3
WV3867,3,1
WV6804,1,3
WV6807,1,3
WV6809,1,3
WV6810,1,2
WV6811,3,3
WV6812,2,3
WV6817,2,3
WV6837,3,2
WV6886,2,2
WV6888,1,3
WV6900,1,2
